respondent_uid,submitted_at,duration_sec,story_id,emotion,emotion_ja,score,is_complete_case
R001,2024-12-10T14:23:44,111.0,T1,interest,面白さ,59,True
R001,2024-12-10T14:23:44,111.0,T1,surprise,驚き,53,True
R001,2024-12-10T14:23:44,111.0,T1,sadness,悲しみ,1,True
R001,2024-12-10T14:23:44,111.0,T1,anger,怒り,0,True
R001,2024-12-10T14:23:44,111.0,T2,interest,面白さ,45,True
R001,2024-12-10T14:23:44,111.0,T2,surprise,驚き,31,True
R001,2024-12-10T14:23:44,111.0,T2,sadness,悲しみ,56,True
R001,2024-12-10T14:23:44,111.0,T2,anger,怒り,46,True
R001,2024-12-10T14:23:44,111.0,T3,interest,面白さ,75,True
R001,2024-12-10T14:23:44,111.0,T3,surprise,驚き,69,True
R001,2024-12-10T14:23:44,111.0,T3,sadness,悲しみ,1,True
R001,2024-12-10T14:23:44,111.0,T3,anger,怒り,1,True
R002,2024-11-05T11:56:41,32.0,T1,interest,面白さ,69,True
R002,2024-11-05T11:56:41,32.0,T1,surprise,驚き,72,True
R002,2024-11-05T11:56:41,32.0,T1,sadness,悲しみ,73,True
R002,2024-11-05T11:56:41,32.0,T1,anger,怒り,73,True
R002,2024-11-05T11:56:41,32.0,T2,interest,面白さ,41,True
R002,2024-11-05T11:56:41,32.0,T2,surprise,驚き,56,True
R002,2024-11-05T11:56:41,32.0,T2,sadness,悲しみ,60,True
R002,2024-11-05T11:56:41,32.0,T2,anger,怒り,61,True
R002,2024-11-05T11:56:41,32.0,T3,interest,面白さ,86,True
R002,2024-11-05T11:56:41,32.0,T3,surprise,驚き,70,True
R002,2024-11-05T11:56:41,32.0,T3,sadness,悲しみ,76,True
R002,2024-11-05T11:56:41,32.0,T3,anger,怒り,47,True
R003,2024-10-29T15:01:12,117.0,T1,interest,面白さ,61,True
R003,2024-10-29T15:01:12,117.0,T1,surprise,驚き,26,True
R003,2024-10-29T15:01:12,117.0,T1,sadness,悲しみ,0,True
R003,2024-10-29T15:01:12,117.0,T1,anger,怒り,0,True
R003,2024-10-29T15:01:12,117.0,T2,interest,面白さ,64,True
R003,2024-10-29T15:01:12,117.0,T2,surprise,驚き,0,True
R003,2024-10-29T15:01:12,117.0,T2,sadness,悲しみ,87,True
R003,2024-10-29T15:01:12,117.0,T2,anger,怒り,88,True
R003,2024-10-29T15:01:12,117.0,T3,interest,面白さ,95,True
R003,2024-10-29T15:01:12,117.0,T3,surprise,驚き,74,True
R003,2024-10-29T15:01:12,117.0,T3,sadness,悲しみ,0,True
R003,2024-10-29T15:01:12,117.0,T3,anger,怒り,57,True
R004,2024-10-22T12:02:57,164.0,T1,interest,面白さ,80,True
R004,2024-10-22T12:02:57,164.0,T1,surprise,驚き,45,True
R004,2024-10-22T12:02:57,164.0,T1,sadness,悲しみ,13,True
R004,2024-10-22T12:02:57,164.0,T1,anger,怒り,13,True
R004,2024-10-22T12:02:57,164.0,T2,interest,面白さ,71,True
R004,2024-10-22T12:02:57,164.0,T2,surprise,驚き,31,True
R004,2024-10-22T12:02:57,164.0,T2,sadness,悲しみ,74,True
R004,2024-10-22T12:02:57,164.0,T2,anger,怒り,28,True
R004,2024-10-22T12:02:57,164.0,T3,interest,面白さ,99,True
R004,2024-10-22T12:02:57,164.0,T3,surprise,驚き,30,True
R004,2024-10-22T12:02:57,164.0,T3,sadness,悲しみ,27,True
R004,2024-10-22T12:02:57,164.0,T3,anger,怒り,27,True
R005,2024-10-22T11:58:05,179.0,T1,interest,面白さ,50,True
R005,2024-10-22T11:58:05,179.0,T1,surprise,驚き,51,True
R005,2024-10-22T11:58:05,179.0,T1,sadness,悲しみ,50,True
R005,2024-10-22T11:58:05,179.0,T1,anger,怒り,50,True
R005,2024-10-22T11:58:05,179.0,T2,interest,面白さ,50,True
R005,2024-10-22T11:58:05,179.0,T2,surprise,驚き,50,True
R005,2024-10-22T11:58:05,179.0,T2,sadness,悲しみ,50,True
R005,2024-10-22T11:58:05,179.0,T2,anger,怒り,50,True
R005,2024-10-22T11:58:05,179.0,T3,interest,面白さ,59,True
R005,2024-10-22T11:58:05,179.0,T3,surprise,驚き,74,True
R005,2024-10-22T11:58:05,179.0,T3,sadness,悲しみ,4,True
R005,2024-10-22T11:58:05,179.0,T3,anger,怒り,3,True
R006,2024-10-15T11:39:55,364.0,T1,interest,面白さ,56,True
R006,2024-10-15T11:39:55,364.0,T1,surprise,驚き,29,True
R006,2024-10-15T11:39:55,364.0,T1,sadness,悲しみ,0,True
R006,2024-10-15T11:39:55,364.0,T1,anger,怒り,0,True
R006,2024-10-15T11:39:55,364.0,T2,interest,面白さ,69,True
R006,2024-10-15T11:39:55,364.0,T2,surprise,驚き,35,True
R006,2024-10-15T11:39:55,364.0,T2,sadness,悲しみ,63,True
R006,2024-10-15T11:39:55,364.0,T2,anger,怒り,34,True
R006,2024-10-15T11:39:55,364.0,T3,interest,面白さ,100,True
R006,2024-10-15T11:39:55,364.0,T3,surprise,驚き,80,True
R006,2024-10-15T11:39:55,364.0,T3,sadness,悲しみ,0,True
R006,2024-10-15T11:39:55,364.0,T3,anger,怒り,0,True
R007,2024-10-08T14:37:51,3626.0,T1,interest,面白さ,23,True
R007,2024-10-08T14:37:51,3626.0,T1,surprise,驚き,36,True
R007,2024-10-08T14:37:51,3626.0,T1,sadness,悲しみ,31,True
R007,2024-10-08T14:37:51,3626.0,T1,anger,怒り,24,True
R007,2024-10-08T14:37:51,3626.0,T2,interest,面白さ,56,True
R007,2024-10-08T14:37:51,3626.0,T2,surprise,驚き,27,True
R007,2024-10-08T14:37:51,3626.0,T2,sadness,悲しみ,2,True
R007,2024-10-08T14:37:51,3626.0,T2,anger,怒り,10,True
R007,2024-10-08T14:37:51,3626.0,T3,interest,面白さ,16,True
R007,2024-10-08T14:37:51,3626.0,T3,surprise,驚き,18,True
R007,2024-10-08T14:37:51,3626.0,T3,sadness,悲しみ,12,True
R007,2024-10-08T14:37:51,3626.0,T3,anger,怒り,14,True
R008,2024-10-08T14:37:41,2527.0,T1,interest,面白さ,41,True
R008,2024-10-08T14:37:41,2527.0,T1,surprise,驚き,39,True
R008,2024-10-08T14:37:41,2527.0,T1,sadness,悲しみ,66,True
R008,2024-10-08T14:37:41,2527.0,T1,anger,怒り,28,True
R008,2024-10-08T14:37:41,2527.0,T2,interest,面白さ,36,True
R008,2024-10-08T14:37:41,2527.0,T2,surprise,驚き,34,True
R008,2024-10-08T14:37:41,2527.0,T2,sadness,悲しみ,60,True
R008,2024-10-08T14:37:41,2527.0,T2,anger,怒り,70,True
R008,2024-10-08T14:37:41,2527.0,T3,interest,面白さ,64,True
R008,2024-10-08T14:37:41,2527.0,T3,surprise,驚き,74,True
R008,2024-10-08T14:37:41,2527.0,T3,sadness,悲しみ,0,True
R008,2024-10-08T14:37:41,2527.0,T3,anger,怒り,0,True
R009,2024-10-08T14:34:00,1449.0,T1,interest,面白さ,56,True
R009,2024-10-08T14:34:00,1449.0,T1,surprise,驚き,44,True
R009,2024-10-08T14:34:00,1449.0,T1,sadness,悲しみ,65,True
R009,2024-10-08T14:34:00,1449.0,T1,anger,怒り,40,True
R009,2024-10-08T14:34:00,1449.0,T2,interest,面白さ,60,True
R009,2024-10-08T14:34:00,1449.0,T2,surprise,驚き,64,True
R009,2024-10-08T14:34:00,1449.0,T2,sadness,悲しみ,69,True
R009,2024-10-08T14:34:00,1449.0,T2,anger,怒り,77,True
R009,2024-10-08T14:34:00,1449.0,T3,interest,面白さ,62,True
R009,2024-10-08T14:34:00,1449.0,T3,surprise,驚き,70,True
R009,2024-10-08T14:34:00,1449.0,T3,sadness,悲しみ,20,True
R009,2024-10-08T14:34:00,1449.0,T3,anger,怒り,28,True
R010,2024-10-08T14:40:02,101.0,T1,interest,面白さ,79,True
R010,2024-10-08T14:40:02,101.0,T1,surprise,驚き,62,True
R010,2024-10-08T14:40:02,101.0,T1,sadness,悲しみ,6,True
R010,2024-10-08T14:40:02,101.0,T1,anger,怒り,5,True
R010,2024-10-08T14:40:02,101.0,T2,interest,面白さ,95,True
R010,2024-10-08T14:40:02,101.0,T2,surprise,驚き,71,True
R010,2024-10-08T14:40:02,101.0,T2,sadness,悲しみ,92,True
R010,2024-10-08T14:40:02,101.0,T2,anger,怒り,5,True
R010,2024-10-08T14:40:02,101.0,T3,interest,面白さ,95,True
R010,2024-10-08T14:40:02,101.0,T3,surprise,驚き,88,True
R010,2024-10-08T14:40:02,101.0,T3,sadness,悲しみ,4,True
R010,2024-10-08T14:40:02,101.0,T3,anger,怒り,3,True
R011,2024-10-08T14:36:49,281.0,T1,interest,面白さ,78,True
R011,2024-10-08T14:36:49,281.0,T1,surprise,驚き,0,True
R011,2024-10-08T14:36:49,281.0,T1,sadness,悲しみ,0,True
R011,2024-10-08T14:36:49,281.0,T1,anger,怒り,0,True
R011,2024-10-08T14:36:49,281.0,T2,interest,面白さ,0,True
R011,2024-10-08T14:36:49,281.0,T2,surprise,驚き,60,True
R011,2024-10-08T14:36:49,281.0,T2,sadness,悲しみ,0,True
R011,2024-10-08T14:36:49,281.0,T2,anger,怒り,0,True
R011,2024-10-08T14:36:49,281.0,T3,interest,面白さ,100,True
R011,2024-10-08T14:36:49,281.0,T3,surprise,驚き,67,True
R011,2024-10-08T14:36:49,281.0,T3,sadness,悲しみ,0,True
R011,2024-10-08T14:36:49,281.0,T3,anger,怒り,0,True
R012,2024-10-08T14:35:08,302.0,T1,interest,面白さ,64,True
R012,2024-10-08T14:35:08,302.0,T1,surprise,驚き,83,True
R012,2024-10-08T14:35:08,302.0,T1,sadness,悲しみ,17,True
R012,2024-10-08T14:35:08,302.0,T1,anger,怒り,0,True
R012,2024-10-08T14:35:08,302.0,T2,interest,面白さ,0,True
R012,2024-10-08T14:35:08,302.0,T2,surprise,驚き,100,True
R012,2024-10-08T14:35:08,302.0,T2,sadness,悲しみ,0,True
R012,2024-10-08T14:35:08,302.0,T2,anger,怒り,65,True
R012,2024-10-08T14:35:08,302.0,T3,interest,面白さ,92,True
R012,2024-10-08T14:35:08,302.0,T3,surprise,驚き,14,True
R012,2024-10-08T14:35:08,302.0,T3,sadness,悲しみ,0,True
R012,2024-10-08T14:35:08,302.0,T3,anger,怒り,0,True
R013,2024-10-08T14:39:37,31.0,T1,interest,面白さ,61,True
R013,2024-10-08T14:39:37,31.0,T1,surprise,驚き,65,True
R013,2024-10-08T14:39:37,31.0,T1,sadness,悲しみ,59,True
R013,2024-10-08T14:39:37,31.0,T1,anger,怒り,65,True
R013,2024-10-08T14:39:37,31.0,T2,interest,面白さ,60,True
R013,2024-10-08T14:39:37,31.0,T2,surprise,驚き,70,True
R013,2024-10-08T14:39:37,31.0,T2,sadness,悲しみ,65,True
R013,2024-10-08T14:39:37,31.0,T2,anger,怒り,63,True
R013,2024-10-08T14:39:37,31.0,T3,interest,面白さ,61,True
R013,2024-10-08T14:39:37,31.0,T3,surprise,驚き,66,True
R013,2024-10-08T14:39:37,31.0,T3,sadness,悲しみ,38,True
R013,2024-10-08T14:39:37,31.0,T3,anger,怒り,68,True
R014,2024-10-08T14:37:15,162.0,T1,interest,面白さ,34,True
R014,2024-10-08T14:37:15,162.0,T1,surprise,驚き,36,True
R014,2024-10-08T14:37:15,162.0,T1,sadness,悲しみ,38,True
R014,2024-10-08T14:37:15,162.0,T1,anger,怒り,32,True
R014,2024-10-08T14:37:15,162.0,T2,interest,面白さ,32,True
R014,2024-10-08T14:37:15,162.0,T2,surprise,驚き,28,True
R014,2024-10-08T14:37:15,162.0,T2,sadness,悲しみ,60,True
R014,2024-10-08T14:37:15,162.0,T2,anger,怒り,11,True
R014,2024-10-08T14:37:15,162.0,T3,interest,面白さ,64,True
R014,2024-10-08T14:37:15,162.0,T3,surprise,驚き,20,True
R014,2024-10-08T14:37:15,162.0,T3,sadness,悲しみ,23,True
R014,2024-10-08T14:37:15,162.0,T3,anger,怒り,21,True
R015,2024-10-08T14:37:46,131.0,T1,interest,面白さ,73,True
R015,2024-10-08T14:37:46,131.0,T1,surprise,驚き,0,True
R015,2024-10-08T14:37:46,131.0,T1,sadness,悲しみ,0,True
R015,2024-10-08T14:37:46,131.0,T1,anger,怒り,0,True
R015,2024-10-08T14:37:46,131.0,T2,interest,面白さ,81,True
R015,2024-10-08T14:37:46,131.0,T2,surprise,驚き,5,True
R015,2024-10-08T14:37:46,131.0,T2,sadness,悲しみ,0,True
R015,2024-10-08T14:37:46,131.0,T2,anger,怒り,0,True
R015,2024-10-08T14:37:46,131.0,T3,interest,面白さ,100,True
R015,2024-10-08T14:37:46,131.0,T3,surprise,驚き,0,True
R015,2024-10-08T14:37:46,131.0,T3,sadness,悲しみ,0,True
R015,2024-10-08T14:37:46,131.0,T3,anger,怒り,5,True
R016,2024-10-08T14:37:10,160.0,T1,interest,面白さ,73,True
R016,2024-10-08T14:37:10,160.0,T1,surprise,驚き,73,True
R016,2024-10-08T14:37:10,160.0,T1,sadness,悲しみ,34,True
R016,2024-10-08T14:37:10,160.0,T1,anger,怒り,73,True
R016,2024-10-08T14:37:10,160.0,T2,interest,面白さ,39,True
R016,2024-10-08T14:37:10,160.0,T2,surprise,驚き,39,True
R016,2024-10-08T14:37:10,160.0,T2,sadness,悲しみ,75,True
R016,2024-10-08T14:37:10,160.0,T2,anger,怒り,46,True
R016,2024-10-08T14:37:10,160.0,T3,interest,面白さ,69,True
R016,2024-10-08T14:37:10,160.0,T3,surprise,驚き,98,True
R016,2024-10-08T14:37:10,160.0,T3,sadness,悲しみ,55,True
R016,2024-10-08T14:37:10,160.0,T3,anger,怒り,56,True
R017,2024-10-08T14:34:49,290.0,T1,interest,面白さ,65,True
R017,2024-10-08T14:34:49,290.0,T1,surprise,驚き,65,True
R017,2024-10-08T14:34:49,290.0,T1,sadness,悲しみ,66,True
R017,2024-10-08T14:34:49,290.0,T1,anger,怒り,19,True
R017,2024-10-08T14:34:49,290.0,T2,interest,面白さ,57,True
R017,2024-10-08T14:34:49,290.0,T2,surprise,驚き,76,True
R017,2024-10-08T14:34:49,290.0,T2,sadness,悲しみ,26,True
R017,2024-10-08T14:34:49,290.0,T2,anger,怒り,39,True
R017,2024-10-08T14:34:49,290.0,T3,interest,面白さ,88,True
R017,2024-10-08T14:34:49,290.0,T3,surprise,驚き,75,True
R017,2024-10-08T14:34:49,290.0,T3,sadness,悲しみ,19,True
R017,2024-10-08T14:34:49,290.0,T3,anger,怒り,0,True
R018,2024-10-08T14:36:33,186.0,T1,interest,面白さ,87,True
R018,2024-10-08T14:36:33,186.0,T1,surprise,驚き,34,True
R018,2024-10-08T14:36:33,186.0,T1,sadness,悲しみ,59,True
R018,2024-10-08T14:36:33,186.0,T1,anger,怒り,10,True
R018,2024-10-08T14:36:33,186.0,T2,interest,面白さ,80,True
R018,2024-10-08T14:36:33,186.0,T2,surprise,驚き,64,True
R018,2024-10-08T14:36:33,186.0,T2,sadness,悲しみ,91,True
R018,2024-10-08T14:36:33,186.0,T2,anger,怒り,74,True
R018,2024-10-08T14:36:33,186.0,T3,interest,面白さ,73,True
R018,2024-10-08T14:36:33,186.0,T3,surprise,驚き,64,True
R018,2024-10-08T14:36:33,186.0,T3,sadness,悲しみ,10,True
R018,2024-10-08T14:36:33,186.0,T3,anger,怒り,15,True
R019,2024-10-08T14:37:28,118.0,T1,interest,面白さ,69,False
R019,2024-10-08T14:37:28,118.0,T1,surprise,驚き,0,False
R019,2024-10-08T14:37:28,118.0,T1,sadness,悲しみ,54,False
R019,2024-10-08T14:37:28,118.0,T1,anger,怒り,0,False
R019,2024-10-08T14:37:28,118.0,T2,interest,面白さ,71,False
R019,2024-10-08T14:37:28,118.0,T2,surprise,驚き,78,False
R019,2024-10-08T14:37:28,118.0,T2,sadness,悲しみ,65,False
R019,2024-10-08T14:37:28,118.0,T2,anger,怒り,0,False
R019,2024-10-08T14:37:28,118.0,T3,interest,面白さ,,False
R019,2024-10-08T14:37:28,118.0,T3,surprise,驚き,,False
R019,2024-10-08T14:37:28,118.0,T3,sadness,悲しみ,,False
R019,2024-10-08T14:37:28,118.0,T3,anger,怒り,,False
R020,2024-10-08T14:34:47,263.0,T1,interest,面白さ,86,True
R020,2024-10-08T14:34:47,263.0,T1,surprise,驚き,65,True
R020,2024-10-08T14:34:47,263.0,T1,sadness,悲しみ,21,True
R020,2024-10-08T14:34:47,263.0,T1,anger,怒り,0,True
R020,2024-10-08T14:34:47,263.0,T2,interest,面白さ,62,True
R020,2024-10-08T14:34:47,263.0,T2,surprise,驚き,86,True
R020,2024-10-08T14:34:47,263.0,T2,sadness,悲しみ,65,True
R020,2024-10-08T14:34:47,263.0,T2,anger,怒り,13,True
R020,2024-10-08T14:34:47,263.0,T3,interest,面白さ,91,True
R020,2024-10-08T14:34:47,263.0,T3,surprise,驚き,86,True
R020,2024-10-08T14:34:47,263.0,T3,sadness,悲しみ,60,True
R020,2024-10-08T14:34:47,263.0,T3,anger,怒り,5,True
R021,2024-10-08T14:34:46,262.0,T1,interest,面白さ,70,True
R021,2024-10-08T14:34:46,262.0,T1,surprise,驚き,69,True
R021,2024-10-08T14:34:46,262.0,T1,sadness,悲しみ,0,True
R021,2024-10-08T14:34:46,262.0,T1,anger,怒り,2,True
R021,2024-10-08T14:34:46,262.0,T2,interest,面白さ,39,True
R021,2024-10-08T14:34:46,262.0,T2,surprise,驚き,65,True
R021,2024-10-08T14:34:46,262.0,T2,sadness,悲しみ,72,True
R021,2024-10-08T14:34:46,262.0,T2,anger,怒り,19,True
R021,2024-10-08T14:34:46,262.0,T3,interest,面白さ,70,True
R021,2024-10-08T14:34:46,262.0,T3,surprise,驚き,71,True
R021,2024-10-08T14:34:46,262.0,T3,sadness,悲しみ,26,True
R021,2024-10-08T14:34:46,262.0,T3,anger,怒り,1,True
R022,2024-10-08T14:35:57,161.0,T1,interest,面白さ,64,True
R022,2024-10-08T14:35:57,161.0,T1,surprise,驚き,84,True
R022,2024-10-08T14:35:57,161.0,T1,sadness,悲しみ,67,True
R022,2024-10-08T14:35:57,161.0,T1,anger,怒り,3,True
R022,2024-10-08T14:35:57,161.0,T2,interest,面白さ,71,True
R022,2024-10-08T14:35:57,161.0,T2,surprise,驚き,67,True
R022,2024-10-08T14:35:57,161.0,T2,sadness,悲しみ,61,True
R022,2024-10-08T14:35:57,161.0,T2,anger,怒り,9,True
R022,2024-10-08T14:35:57,161.0,T3,interest,面白さ,73,True
R022,2024-10-08T14:35:57,161.0,T3,surprise,驚き,72,True
R022,2024-10-08T14:35:57,161.0,T3,sadness,悲しみ,25,True
R022,2024-10-08T14:35:57,161.0,T3,anger,怒り,8,True
R023,2024-10-08T14:37:46,39.0,T1,interest,面白さ,70,True
R023,2024-10-08T14:37:46,39.0,T1,surprise,驚き,75,True
R023,2024-10-08T14:37:46,39.0,T1,sadness,悲しみ,38,True
R023,2024-10-08T14:37:46,39.0,T1,anger,怒り,70,True
R023,2024-10-08T14:37:46,39.0,T2,interest,面白さ,25,True
R023,2024-10-08T14:37:46,39.0,T2,surprise,驚き,29,True
R023,2024-10-08T14:37:46,39.0,T2,sadness,悲しみ,31,True
R023,2024-10-08T14:37:46,39.0,T2,anger,怒り,31,True
R023,2024-10-08T14:37:46,39.0,T3,interest,面白さ,71,True
R023,2024-10-08T14:37:46,39.0,T3,surprise,驚き,73,True
R023,2024-10-08T14:37:46,39.0,T3,sadness,悲しみ,28,True
R023,2024-10-08T14:37:46,39.0,T3,anger,怒り,31,True
R024,2024-10-08T13:24:39,4423.0,T1,interest,面白さ,75,True
R024,2024-10-08T13:24:39,4423.0,T1,surprise,驚き,37,True
R024,2024-10-08T13:24:39,4423.0,T1,sadness,悲しみ,3,True
R024,2024-10-08T13:24:39,4423.0,T1,anger,怒り,2,True
R024,2024-10-08T13:24:39,4423.0,T2,interest,面白さ,55,True
R024,2024-10-08T13:24:39,4423.0,T2,surprise,驚き,65,True
R024,2024-10-08T13:24:39,4423.0,T2,sadness,悲しみ,63,True
R024,2024-10-08T13:24:39,4423.0,T2,anger,怒り,41,True
R024,2024-10-08T13:24:39,4423.0,T3,interest,面白さ,81,True
R024,2024-10-08T13:24:39,4423.0,T3,surprise,驚き,54,True
R024,2024-10-08T13:24:39,4423.0,T3,sadness,悲しみ,14,True
R024,2024-10-08T13:24:39,4423.0,T3,anger,怒り,11,True
R025,2024-10-08T14:34:37,209.0,T1,interest,面白さ,62,True
R025,2024-10-08T14:34:37,209.0,T1,surprise,驚き,63,True
R025,2024-10-08T14:34:37,209.0,T1,sadness,悲しみ,21,True
R025,2024-10-08T14:34:37,209.0,T1,anger,怒り,29,True
R025,2024-10-08T14:34:37,209.0,T2,interest,面白さ,52,True
R025,2024-10-08T14:34:37,209.0,T2,surprise,驚き,52,True
R025,2024-10-08T14:34:37,209.0,T2,sadness,悲しみ,67,True
R025,2024-10-08T14:34:37,209.0,T2,anger,怒り,48,True
R025,2024-10-08T14:34:37,209.0,T3,interest,面白さ,69,True
R025,2024-10-08T14:34:37,209.0,T3,surprise,驚き,33,True
R025,2024-10-08T14:34:37,209.0,T3,sadness,悲しみ,41,True
R025,2024-10-08T14:34:37,209.0,T3,anger,怒り,39,True
R026,2024-10-08T14:36:03,117.0,T1,interest,面白さ,78,True
R026,2024-10-08T14:36:03,117.0,T1,surprise,驚き,30,True
R026,2024-10-08T14:36:03,117.0,T1,sadness,悲しみ,14,True
R026,2024-10-08T14:36:03,117.0,T1,anger,怒り,10,True
R026,2024-10-08T14:36:03,117.0,T2,interest,面白さ,65,True
R026,2024-10-08T14:36:03,117.0,T2,surprise,驚き,37,True
R026,2024-10-08T14:36:03,117.0,T2,sadness,悲しみ,60,True
R026,2024-10-08T14:36:03,117.0,T2,anger,怒り,66,True
R026,2024-10-08T14:36:03,117.0,T3,interest,面白さ,71,True
R026,2024-10-08T14:36:03,117.0,T3,surprise,驚き,71,True
R026,2024-10-08T14:36:03,117.0,T3,sadness,悲しみ,13,True
R026,2024-10-08T14:36:03,117.0,T3,anger,怒り,14,True
R027,2024-10-08T14:33:53,238.0,T1,interest,面白さ,50,True
R027,2024-10-08T14:33:53,238.0,T1,surprise,驚き,50,True
R027,2024-10-08T14:33:53,238.0,T1,sadness,悲しみ,50,True
R027,2024-10-08T14:33:53,238.0,T1,anger,怒り,50,True
R027,2024-10-08T14:33:53,238.0,T2,interest,面白さ,50,True
R027,2024-10-08T14:33:53,238.0,T2,surprise,驚き,50,True
R027,2024-10-08T14:33:53,238.0,T2,sadness,悲しみ,50,True
R027,2024-10-08T14:33:53,238.0,T2,anger,怒り,50,True
R027,2024-10-08T14:33:53,238.0,T3,interest,面白さ,63,True
R027,2024-10-08T14:33:53,238.0,T3,surprise,驚き,61,True
R027,2024-10-08T14:33:53,238.0,T3,sadness,悲しみ,50,True
R027,2024-10-08T14:33:53,238.0,T3,anger,怒り,56,True
R028,2024-10-08T14:35:26,143.0,T1,interest,面白さ,58,True
R028,2024-10-08T14:35:26,143.0,T1,surprise,驚き,60,True
R028,2024-10-08T14:35:26,143.0,T1,sadness,悲しみ,31,True
R028,2024-10-08T14:35:26,143.0,T1,anger,怒り,39,True
R028,2024-10-08T14:35:26,143.0,T2,interest,面白さ,69,True
R028,2024-10-08T14:35:26,143.0,T2,surprise,驚き,66,True
R028,2024-10-08T14:35:26,143.0,T2,sadness,悲しみ,50,True
R028,2024-10-08T14:35:26,143.0,T2,anger,怒り,37,True
R028,2024-10-08T14:35:26,143.0,T3,interest,面白さ,83,True
R028,2024-10-08T14:35:26,143.0,T3,surprise,驚き,60,True
R028,2024-10-08T14:35:26,143.0,T3,sadness,悲しみ,21,True
R028,2024-10-08T14:35:26,143.0,T3,anger,怒り,28,True
R029,2024-10-08T14:34:46,180.0,T1,interest,面白さ,32,True
R029,2024-10-08T14:34:46,180.0,T1,surprise,驚き,27,True
R029,2024-10-08T14:34:46,180.0,T1,sadness,悲しみ,0,True
R029,2024-10-08T14:34:46,180.0,T1,anger,怒り,0,True
R029,2024-10-08T14:34:46,180.0,T2,interest,面白さ,100,True
R029,2024-10-08T14:34:46,180.0,T2,surprise,驚き,100,True
R029,2024-10-08T14:34:46,180.0,T2,sadness,悲しみ,63,True
R029,2024-10-08T14:34:46,180.0,T2,anger,怒り,22,True
R029,2024-10-08T14:34:46,180.0,T3,interest,面白さ,55,True
R029,2024-10-08T14:34:46,180.0,T3,surprise,驚き,56,True
R029,2024-10-08T14:34:46,180.0,T3,sadness,悲しみ,27,True
R029,2024-10-08T14:34:46,180.0,T3,anger,怒り,10,True
R030,2024-10-08T14:35:42,115.0,T1,interest,面白さ,72,True
R030,2024-10-08T14:35:42,115.0,T1,surprise,驚き,49,True
R030,2024-10-08T14:35:42,115.0,T1,sadness,悲しみ,44,True
R030,2024-10-08T14:35:42,115.0,T1,anger,怒り,55,True
R030,2024-10-08T14:35:42,115.0,T2,interest,面白さ,58,True
R030,2024-10-08T14:35:42,115.0,T2,surprise,驚き,61,True
R030,2024-10-08T14:35:42,115.0,T2,sadness,悲しみ,41,True
R030,2024-10-08T14:35:42,115.0,T2,anger,怒り,35,True
R030,2024-10-08T14:35:42,115.0,T3,interest,面白さ,77,True
R030,2024-10-08T14:35:42,115.0,T3,surprise,驚き,58,True
R030,2024-10-08T14:35:42,115.0,T3,sadness,悲しみ,0,True
R030,2024-10-08T14:35:42,115.0,T3,anger,怒り,24,True
R031,2024-10-08T14:34:36,181.0,T1,interest,面白さ,74,True
R031,2024-10-08T14:34:36,181.0,T1,surprise,驚き,66,True
R031,2024-10-08T14:34:36,181.0,T1,sadness,悲しみ,24,True
R031,2024-10-08T14:34:36,181.0,T1,anger,怒り,25,True
R031,2024-10-08T14:34:36,181.0,T2,interest,面白さ,68,True
R031,2024-10-08T14:34:36,181.0,T2,surprise,驚き,63,True
R031,2024-10-08T14:34:36,181.0,T2,sadness,悲しみ,65,True
R031,2024-10-08T14:34:36,181.0,T2,anger,怒り,68,True
R031,2024-10-08T14:34:36,181.0,T3,interest,面白さ,75,True
R031,2024-10-08T14:34:36,181.0,T3,surprise,驚き,45,True
R031,2024-10-08T14:34:36,181.0,T3,sadness,悲しみ,0,True
R031,2024-10-08T14:34:36,181.0,T3,anger,怒り,0,True
R032,2024-10-08T14:34:01,205.0,T1,interest,面白さ,77,True
R032,2024-10-08T14:34:01,205.0,T1,surprise,驚き,57,True
R032,2024-10-08T14:34:01,205.0,T1,sadness,悲しみ,22,True
R032,2024-10-08T14:34:01,205.0,T1,anger,怒り,22,True
R032,2024-10-08T14:34:01,205.0,T2,interest,面白さ,57,True
R032,2024-10-08T14:34:01,205.0,T2,surprise,驚き,30,True
R032,2024-10-08T14:34:01,205.0,T2,sadness,悲しみ,53,True
R032,2024-10-08T14:34:01,205.0,T2,anger,怒り,28,True
R032,2024-10-08T14:34:01,205.0,T3,interest,面白さ,66,True
R032,2024-10-08T14:34:01,205.0,T3,surprise,驚き,58,True
R032,2024-10-08T14:34:01,205.0,T3,sadness,悲しみ,29,True
R032,2024-10-08T14:34:01,205.0,T3,anger,怒り,28,True
R033,2024-10-08T14:36:12,62.0,T1,interest,面白さ,58,True
R033,2024-10-08T14:36:12,62.0,T1,surprise,驚き,27,True
R033,2024-10-08T14:36:12,62.0,T1,sadness,悲しみ,33,True
R033,2024-10-08T14:36:12,62.0,T1,anger,怒り,63,True
R033,2024-10-08T14:36:12,62.0,T2,interest,面白さ,68,True
R033,2024-10-08T14:36:12,62.0,T2,surprise,驚き,27,True
R033,2024-10-08T14:36:12,62.0,T2,sadness,悲しみ,62,True
R033,2024-10-08T14:36:12,62.0,T2,anger,怒り,26,True
R033,2024-10-08T14:36:12,62.0,T3,interest,面白さ,100,True
R033,2024-10-08T14:36:12,62.0,T3,surprise,驚き,70,True
R033,2024-10-08T14:36:12,62.0,T3,sadness,悲しみ,21,True
R033,2024-10-08T14:36:12,62.0,T3,anger,怒り,36,True
R034,2024-10-08T14:35:29,101.0,T1,interest,面白さ,54,False
R034,2024-10-08T14:35:29,101.0,T1,surprise,驚き,31,False
R034,2024-10-08T14:35:29,101.0,T1,sadness,悲しみ,18,False
R034,2024-10-08T14:35:29,101.0,T1,anger,怒り,20,False
R034,2024-10-08T14:35:29,101.0,T2,interest,面白さ,,False
R034,2024-10-08T14:35:29,101.0,T2,surprise,驚き,,False
R034,2024-10-08T14:35:29,101.0,T2,sadness,悲しみ,,False
R034,2024-10-08T14:35:29,101.0,T2,anger,怒り,,False
R034,2024-10-08T14:35:29,101.0,T3,interest,面白さ,,False
R034,2024-10-08T14:35:29,101.0,T3,surprise,驚き,,False
R034,2024-10-08T14:35:29,101.0,T3,sadness,悲しみ,,False
R034,2024-10-08T14:35:29,101.0,T3,anger,怒り,,False
R035,2024-10-08T14:34:46,119.0,T1,interest,面白さ,73,True
R035,2024-10-08T14:34:46,119.0,T1,surprise,驚き,24,True
R035,2024-10-08T14:34:46,119.0,T1,sadness,悲しみ,66,True
R035,2024-10-08T14:34:46,119.0,T1,anger,怒り,0,True
R035,2024-10-08T14:34:46,119.0,T2,interest,面白さ,17,True
R035,2024-10-08T14:34:46,119.0,T2,surprise,驚き,21,True
R035,2024-10-08T14:34:46,119.0,T2,sadness,悲しみ,79,True
R035,2024-10-08T14:34:46,119.0,T2,anger,怒り,7,True
R035,2024-10-08T14:34:46,119.0,T3,interest,面白さ,100,True
R035,2024-10-08T14:34:46,119.0,T3,surprise,驚き,89,True
R035,2024-10-08T14:34:46,119.0,T3,sadness,悲しみ,0,True
R035,2024-10-08T14:34:46,119.0,T3,anger,怒り,0,True
R036,2024-10-08T14:33:39,186.0,T1,interest,面白さ,69,True
R036,2024-10-08T14:33:39,186.0,T1,surprise,驚き,61,True
R036,2024-10-08T14:33:39,186.0,T1,sadness,悲しみ,37,True
R036,2024-10-08T14:33:39,186.0,T1,anger,怒り,37,True
R036,2024-10-08T14:33:39,186.0,T2,interest,面白さ,32,True
R036,2024-10-08T14:33:39,186.0,T2,surprise,驚き,26,True
R036,2024-10-08T14:33:39,186.0,T2,sadness,悲しみ,33,True
R036,2024-10-08T14:33:39,186.0,T2,anger,怒り,28,True
R036,2024-10-08T14:33:39,186.0,T3,interest,面白さ,85,True
R036,2024-10-08T14:33:39,186.0,T3,surprise,驚き,88,True
R036,2024-10-08T14:33:39,186.0,T3,sadness,悲しみ,20,True
R036,2024-10-08T14:33:39,186.0,T3,anger,怒り,19,True
R037,2024-10-08T14:34:01,161.0,T1,interest,面白さ,73,True
R037,2024-10-08T14:34:01,161.0,T1,surprise,驚き,40,True
R037,2024-10-08T14:34:01,161.0,T1,sadness,悲しみ,10,True
R037,2024-10-08T14:34:01,161.0,T1,anger,怒り,2,True
R037,2024-10-08T14:34:01,161.0,T2,interest,面白さ,17,True
R037,2024-10-08T14:34:01,161.0,T2,surprise,驚き,10,True
R037,2024-10-08T14:34:01,161.0,T2,sadness,悲しみ,0,True
R037,2024-10-08T14:34:01,161.0,T2,anger,怒り,5,True
R037,2024-10-08T14:34:01,161.0,T3,interest,面白さ,24,True
R037,2024-10-08T14:34:01,161.0,T3,surprise,驚き,12,True
R037,2024-10-08T14:34:01,161.0,T3,sadness,悲しみ,0,True
R037,2024-10-08T14:34:01,161.0,T3,anger,怒り,0,True
R038,2024-10-08T14:34:44,112.0,T1,interest,面白さ,54,True
R038,2024-10-08T14:34:44,112.0,T1,surprise,驚き,45,True
R038,2024-10-08T14:34:44,112.0,T1,sadness,悲しみ,45,True
R038,2024-10-08T14:34:44,112.0,T1,anger,怒り,38,True
R038,2024-10-08T14:34:44,112.0,T2,interest,面白さ,46,True
R038,2024-10-08T14:34:44,112.0,T2,surprise,驚き,43,True
R038,2024-10-08T14:34:44,112.0,T2,sadness,悲しみ,41,True
R038,2024-10-08T14:34:44,112.0,T2,anger,怒り,38,True
R038,2024-10-08T14:34:44,112.0,T3,interest,面白さ,55,True
R038,2024-10-08T14:34:44,112.0,T3,surprise,驚き,55,True
R038,2024-10-08T14:34:44,112.0,T3,sadness,悲しみ,29,True
R038,2024-10-08T14:34:44,112.0,T3,anger,怒り,30,True
R039,2024-10-08T14:33:32,180.0,T1,interest,面白さ,64,True
R039,2024-10-08T14:33:32,180.0,T1,surprise,驚き,57,True
R039,2024-10-08T14:33:32,180.0,T1,sadness,悲しみ,31,True
R039,2024-10-08T14:33:32,180.0,T1,anger,怒り,40,True
R039,2024-10-08T14:33:32,180.0,T2,interest,面白さ,60,True
R039,2024-10-08T14:33:32,180.0,T2,surprise,驚き,50,True
R039,2024-10-08T14:33:32,180.0,T2,sadness,悲しみ,43,True
R039,2024-10-08T14:33:32,180.0,T2,anger,怒り,23,True
R039,2024-10-08T14:33:32,180.0,T3,interest,面白さ,64,True
R039,2024-10-08T14:33:32,180.0,T3,surprise,驚き,69,True
R039,2024-10-08T14:33:32,180.0,T3,sadness,悲しみ,28,True
R039,2024-10-08T14:33:32,180.0,T3,anger,怒り,30,True
R040,2024-10-08T14:35:43,34.0,T1,interest,面白さ,61,True
R040,2024-10-08T14:35:43,34.0,T1,surprise,驚き,69,True
R040,2024-10-08T14:35:43,34.0,T1,sadness,悲しみ,59,True
R040,2024-10-08T14:35:43,34.0,T1,anger,怒り,36,True
R040,2024-10-08T14:35:43,34.0,T2,interest,面白さ,69,True
R040,2024-10-08T14:35:43,34.0,T2,surprise,驚き,65,True
R040,2024-10-08T14:35:43,34.0,T2,sadness,悲しみ,55,True
R040,2024-10-08T14:35:43,34.0,T2,anger,怒り,53,True
R040,2024-10-08T14:35:43,34.0,T3,interest,面白さ,67,True
R040,2024-10-08T14:35:43,34.0,T3,surprise,驚き,58,True
R040,2024-10-08T14:35:43,34.0,T3,sadness,悲しみ,44,True
R040,2024-10-08T14:35:43,34.0,T3,anger,怒り,37,True
R041,2024-10-08T14:34:10,118.0,T1,interest,面白さ,59,True
R041,2024-10-08T14:34:10,118.0,T1,surprise,驚き,55,True
R041,2024-10-08T14:34:10,118.0,T1,sadness,悲しみ,55,True
R041,2024-10-08T14:34:10,118.0,T1,anger,怒り,56,True
R041,2024-10-08T14:34:10,118.0,T2,interest,面白さ,58,True
R041,2024-10-08T14:34:10,118.0,T2,surprise,驚き,50,True
R041,2024-10-08T14:34:10,118.0,T2,sadness,悲しみ,70,True
R041,2024-10-08T14:34:10,118.0,T2,anger,怒り,74,True
R041,2024-10-08T14:34:10,118.0,T3,interest,面白さ,93,True
R041,2024-10-08T14:34:10,118.0,T3,surprise,驚き,58,True
R041,2024-10-08T14:34:10,118.0,T3,sadness,悲しみ,33,True
R041,2024-10-08T14:34:10,118.0,T3,anger,怒り,58,True
R042,2024-10-08T14:34:10,118.0,T1,interest,面白さ,55,True
R042,2024-10-08T14:34:10,118.0,T1,surprise,驚き,39,True
R042,2024-10-08T14:34:10,118.0,T1,sadness,悲しみ,0,True
R042,2024-10-08T14:34:10,118.0,T1,anger,怒り,0,True
R042,2024-10-08T14:34:10,118.0,T2,interest,面白さ,36,True
R042,2024-10-08T14:34:10,118.0,T2,surprise,驚き,46,True
R042,2024-10-08T14:34:10,118.0,T2,sadness,悲しみ,52,True
R042,2024-10-08T14:34:10,118.0,T2,anger,怒り,54,True
R042,2024-10-08T14:34:10,118.0,T3,interest,面白さ,89,True
R042,2024-10-08T14:34:10,118.0,T3,surprise,驚き,72,True
R042,2024-10-08T14:34:10,118.0,T3,sadness,悲しみ,0,True
R042,2024-10-08T14:34:10,118.0,T3,anger,怒り,0,True
R043,2024-10-08T14:34:39,81.0,T1,interest,面白さ,81,True
R043,2024-10-08T14:34:39,81.0,T1,surprise,驚き,85,True
R043,2024-10-08T14:34:39,81.0,T1,sadness,悲しみ,37,True
R043,2024-10-08T14:34:39,81.0,T1,anger,怒り,67,True
R043,2024-10-08T14:34:39,81.0,T2,interest,面白さ,65,True
R043,2024-10-08T14:34:39,81.0,T2,surprise,驚き,70,True
R043,2024-10-08T14:34:39,81.0,T2,sadness,悲しみ,72,True
R043,2024-10-08T14:34:39,81.0,T2,anger,怒り,47,True
R043,2024-10-08T14:34:39,81.0,T3,interest,面白さ,64,True
R043,2024-10-08T14:34:39,81.0,T3,surprise,驚き,77,True
R043,2024-10-08T14:34:39,81.0,T3,sadness,悲しみ,64,True
R043,2024-10-08T14:34:39,81.0,T3,anger,怒り,63,True
R044,2024-10-08T14:34:41,73.0,T1,interest,面白さ,55,True
R044,2024-10-08T14:34:41,73.0,T1,surprise,驚き,66,True
R044,2024-10-08T14:34:41,73.0,T1,sadness,悲しみ,63,True
R044,2024-10-08T14:34:41,73.0,T1,anger,怒り,71,True
R044,2024-10-08T14:34:41,73.0,T2,interest,面白さ,39,True
R044,2024-10-08T14:34:41,73.0,T2,surprise,驚き,60,True
R044,2024-10-08T14:34:41,73.0,T2,sadness,悲しみ,61,True
R044,2024-10-08T14:34:41,73.0,T2,anger,怒り,60,True
R044,2024-10-08T14:34:41,73.0,T3,interest,面白さ,63,True
R044,2024-10-08T14:34:41,73.0,T3,surprise,驚き,61,True
R044,2024-10-08T14:34:41,73.0,T3,sadness,悲しみ,61,True
R044,2024-10-08T14:34:41,73.0,T3,anger,怒り,62,True
R045,2024-10-08T14:35:10,36.0,T1,interest,面白さ,77,True
R045,2024-10-08T14:35:10,36.0,T1,surprise,驚き,62,True
R045,2024-10-08T14:35:10,36.0,T1,sadness,悲しみ,37,True
R045,2024-10-08T14:35:10,36.0,T1,anger,怒り,61,True
R045,2024-10-08T14:35:10,36.0,T2,interest,面白さ,67,True
R045,2024-10-08T14:35:10,36.0,T2,surprise,驚き,63,True
R045,2024-10-08T14:35:10,36.0,T2,sadness,悲しみ,35,True
R045,2024-10-08T14:35:10,36.0,T2,anger,怒り,64,True
R045,2024-10-08T14:35:10,36.0,T3,interest,面白さ,62,True
R045,2024-10-08T14:35:10,36.0,T3,surprise,驚き,60,True
R045,2024-10-08T14:35:10,36.0,T3,sadness,悲しみ,31,True
R045,2024-10-08T14:35:10,36.0,T3,anger,怒り,70,True
R046,2024-10-08T14:34:50,50.0,T1,interest,面白さ,55,True
R046,2024-10-08T14:34:50,50.0,T1,surprise,驚き,46,True
R046,2024-10-08T14:34:50,50.0,T1,sadness,悲しみ,47,True
R046,2024-10-08T14:34:50,50.0,T1,anger,怒り,43,True
R046,2024-10-08T14:34:50,50.0,T2,interest,面白さ,44,True
R046,2024-10-08T14:34:50,50.0,T2,surprise,驚き,59,True
R046,2024-10-08T14:34:50,50.0,T2,sadness,悲しみ,38,True
R046,2024-10-08T14:34:50,50.0,T2,anger,怒り,27,True
R046,2024-10-08T14:34:50,50.0,T3,interest,面白さ,33,True
R046,2024-10-08T14:34:50,50.0,T3,surprise,驚き,36,True
R046,2024-10-08T14:34:50,50.0,T3,sadness,悲しみ,38,True
R046,2024-10-08T14:34:50,50.0,T3,anger,怒り,39,True
R047,2024-10-08T14:34:03,89.0,T1,interest,面白さ,34,True
R047,2024-10-08T14:34:03,89.0,T1,surprise,驚き,34,True
R047,2024-10-08T14:34:03,89.0,T1,sadness,悲しみ,33,True
R047,2024-10-08T14:34:03,89.0,T1,anger,怒り,57,True
R047,2024-10-08T14:34:03,89.0,T2,interest,面白さ,31,True
R047,2024-10-08T14:34:03,89.0,T2,surprise,驚き,26,True
R047,2024-10-08T14:34:03,89.0,T2,sadness,悲しみ,28,True
R047,2024-10-08T14:34:03,89.0,T2,anger,怒り,31,True
R047,2024-10-08T14:34:03,89.0,T3,interest,面白さ,61,True
R047,2024-10-08T14:34:03,89.0,T3,surprise,驚き,65,True
R047,2024-10-08T14:34:03,89.0,T3,sadness,悲しみ,37,True
R047,2024-10-08T14:34:03,89.0,T3,anger,怒り,61,True
R048,2024-10-08T14:34:52,38.0,T1,interest,面白さ,81,True
R048,2024-10-08T14:34:52,38.0,T1,surprise,驚き,83,True
R048,2024-10-08T14:34:52,38.0,T1,sadness,悲しみ,81,True
R048,2024-10-08T14:34:52,38.0,T1,anger,怒り,59,True
R048,2024-10-08T14:34:52,38.0,T2,interest,面白さ,76,True
R048,2024-10-08T14:34:52,38.0,T2,surprise,驚き,29,True
R048,2024-10-08T14:34:52,38.0,T2,sadness,悲しみ,73,True
R048,2024-10-08T14:34:52,38.0,T2,anger,怒り,28,True
R048,2024-10-08T14:34:52,38.0,T3,interest,面白さ,31,True
R048,2024-10-08T14:34:52,38.0,T3,surprise,驚き,69,True
R048,2024-10-08T14:34:52,38.0,T3,sadness,悲しみ,100,True
R048,2024-10-08T14:34:52,38.0,T3,anger,怒り,14,True
R049,2024-10-08T14:34:30,28.0,T1,interest,面白さ,77,True
R049,2024-10-08T14:34:30,28.0,T1,surprise,驚き,76,True
R049,2024-10-08T14:34:30,28.0,T1,sadness,悲しみ,48,True
R049,2024-10-08T14:34:30,28.0,T1,anger,怒り,58,True
R049,2024-10-08T14:34:30,28.0,T2,interest,面白さ,65,True
R049,2024-10-08T14:34:30,28.0,T2,surprise,驚き,63,True
R049,2024-10-08T14:34:30,28.0,T2,sadness,悲しみ,42,True
R049,2024-10-08T14:34:30,28.0,T2,anger,怒り,66,True
R049,2024-10-08T14:34:30,28.0,T3,interest,面白さ,67,True
R049,2024-10-08T14:34:30,28.0,T3,surprise,驚き,39,True
R049,2024-10-08T14:34:30,28.0,T3,sadness,悲しみ,64,True
R049,2024-10-08T14:34:30,28.0,T3,anger,怒り,70,True
R050,2024-10-08T14:33:33,80.0,T1,interest,面白さ,63,True
R050,2024-10-08T14:33:33,80.0,T1,surprise,驚き,67,True
R050,2024-10-08T14:33:33,80.0,T1,sadness,悲しみ,52,True
R050,2024-10-08T14:33:33,80.0,T1,anger,怒り,42,True
R050,2024-10-08T14:33:33,80.0,T2,interest,面白さ,61,True
R050,2024-10-08T14:33:33,80.0,T2,surprise,驚き,60,True
R050,2024-10-08T14:33:33,80.0,T2,sadness,悲しみ,62,True
R050,2024-10-08T14:33:33,80.0,T2,anger,怒り,38,True
R050,2024-10-08T14:33:33,80.0,T3,interest,面白さ,60,True
R050,2024-10-08T14:33:33,80.0,T3,surprise,驚き,63,True
R050,2024-10-08T14:33:33,80.0,T3,sadness,悲しみ,59,True
R050,2024-10-08T14:33:33,80.0,T3,anger,怒り,66,True
R051,2024-10-08T13:25:07,3353.0,T1,interest,面白さ,46,True
R051,2024-10-08T13:25:07,3353.0,T1,surprise,驚き,5,True
R051,2024-10-08T13:25:07,3353.0,T1,sadness,悲しみ,24,True
R051,2024-10-08T13:25:07,3353.0,T1,anger,怒り,25,True
R051,2024-10-08T13:25:07,3353.0,T2,interest,面白さ,28,True
R051,2024-10-08T13:25:07,3353.0,T2,surprise,驚き,21,True
R051,2024-10-08T13:25:07,3353.0,T2,sadness,悲しみ,56,True
R051,2024-10-08T13:25:07,3353.0,T2,anger,怒り,23,True
R051,2024-10-08T13:25:07,3353.0,T3,interest,面白さ,65,True
R051,2024-10-08T13:25:07,3353.0,T3,surprise,驚き,61,True
R051,2024-10-08T13:25:07,3353.0,T3,sadness,悲しみ,4,True
R051,2024-10-08T13:25:07,3353.0,T3,anger,怒り,43,True
R052,2024-10-08T14:06:22,126.0,T1,interest,面白さ,77,True
R052,2024-10-08T14:06:22,126.0,T1,surprise,驚き,34,True
R052,2024-10-08T14:06:22,126.0,T1,sadness,悲しみ,19,True
R052,2024-10-08T14:06:22,126.0,T1,anger,怒り,11,True
R052,2024-10-08T14:06:22,126.0,T2,interest,面白さ,69,True
R052,2024-10-08T14:06:22,126.0,T2,surprise,驚き,65,True
R052,2024-10-08T14:06:22,126.0,T2,sadness,悲しみ,59,True
R052,2024-10-08T14:06:22,126.0,T2,anger,怒り,75,True
R052,2024-10-08T14:06:22,126.0,T3,interest,面白さ,98,True
R052,2024-10-08T14:06:22,126.0,T3,surprise,驚き,68,True
R052,2024-10-08T14:06:22,126.0,T3,sadness,悲しみ,71,True
R052,2024-10-08T14:06:22,126.0,T3,anger,怒り,68,True
R053,2024-10-08T14:01:34,303.0,T1,interest,面白さ,80,True
R053,2024-10-08T14:01:34,303.0,T1,surprise,驚き,47,True
R053,2024-10-08T14:01:34,303.0,T1,sadness,悲しみ,56,True
R053,2024-10-08T14:01:34,303.0,T1,anger,怒り,43,True
R053,2024-10-08T14:01:34,303.0,T2,interest,面白さ,27,True
R053,2024-10-08T14:01:34,303.0,T2,surprise,驚き,38,True
R053,2024-10-08T14:01:34,303.0,T2,sadness,悲しみ,66,True
R053,2024-10-08T14:01:34,303.0,T2,anger,怒り,25,True
R053,2024-10-08T14:01:34,303.0,T3,interest,面白さ,78,True
R053,2024-10-08T14:01:34,303.0,T3,surprise,驚き,70,True
R053,2024-10-08T14:01:34,303.0,T3,sadness,悲しみ,66,True
R053,2024-10-08T14:01:34,303.0,T3,anger,怒り,57,True
R054,2024-10-08T13:24:54,2327.0,T1,interest,面白さ,76,True
R054,2024-10-08T13:24:54,2327.0,T1,surprise,驚き,84,True
R054,2024-10-08T13:24:54,2327.0,T1,sadness,悲しみ,45,True
R054,2024-10-08T13:24:54,2327.0,T1,anger,怒り,2,True
R054,2024-10-08T13:24:54,2327.0,T2,interest,面白さ,94,True
R054,2024-10-08T13:24:54,2327.0,T2,surprise,驚き,97,True
R054,2024-10-08T13:24:54,2327.0,T2,sadness,悲しみ,74,True
R054,2024-10-08T13:24:54,2327.0,T2,anger,怒り,42,True
R054,2024-10-08T13:24:54,2327.0,T3,interest,面白さ,53,True
R054,2024-10-08T13:24:54,2327.0,T3,surprise,驚き,53,True
R054,2024-10-08T13:24:54,2327.0,T3,sadness,悲しみ,64,True
R054,2024-10-08T13:24:54,2327.0,T3,anger,怒り,13,True
R055,2024-10-08T13:57:54,255.0,T1,interest,面白さ,55,True
R055,2024-10-08T13:57:54,255.0,T1,surprise,驚き,53,True
R055,2024-10-08T13:57:54,255.0,T1,sadness,悲しみ,0,True
R055,2024-10-08T13:57:54,255.0,T1,anger,怒り,0,True
R055,2024-10-08T13:57:54,255.0,T2,interest,面白さ,65,True
R055,2024-10-08T13:57:54,255.0,T2,surprise,驚き,74,True
R055,2024-10-08T13:57:54,255.0,T2,sadness,悲しみ,55,True
R055,2024-10-08T13:57:54,255.0,T2,anger,怒り,0,True
R055,2024-10-08T13:57:54,255.0,T3,interest,面白さ,100,True
R055,2024-10-08T13:57:54,255.0,T3,surprise,驚き,53,True
R055,2024-10-08T13:57:54,255.0,T3,sadness,悲しみ,0,True
R055,2024-10-08T13:57:54,255.0,T3,anger,怒り,0,True
R056,2024-10-08T13:56:09,187.0,T1,interest,面白さ,67,True
R056,2024-10-08T13:56:09,187.0,T1,surprise,驚き,77,True
R056,2024-10-08T13:56:09,187.0,T1,sadness,悲しみ,29,True
R056,2024-10-08T13:56:09,187.0,T1,anger,怒り,0,True
R056,2024-10-08T13:56:09,187.0,T2,interest,面白さ,59,True
R056,2024-10-08T13:56:09,187.0,T2,surprise,驚き,28,True
R056,2024-10-08T13:56:09,187.0,T2,sadness,悲しみ,65,True
R056,2024-10-08T13:56:09,187.0,T2,anger,怒り,30,True
R056,2024-10-08T13:56:09,187.0,T3,interest,面白さ,72,True
R056,2024-10-08T13:56:09,187.0,T3,surprise,驚き,100,True
R056,2024-10-08T13:56:09,187.0,T3,sadness,悲しみ,14,True
R056,2024-10-08T13:56:09,187.0,T3,anger,怒り,15,True
R057,2024-10-08T13:26:08,210.0,T1,interest,面白さ,75,True
R057,2024-10-08T13:26:08,210.0,T1,surprise,驚き,62,True
R057,2024-10-08T13:26:08,210.0,T1,sadness,悲しみ,0,True
R057,2024-10-08T13:26:08,210.0,T1,anger,怒り,0,True
R057,2024-10-08T13:26:08,210.0,T2,interest,面白さ,68,True
R057,2024-10-08T13:26:08,210.0,T2,surprise,驚き,0,True
R057,2024-10-08T13:26:08,210.0,T2,sadness,悲しみ,92,True
R057,2024-10-08T13:26:08,210.0,T2,anger,怒り,74,True
R057,2024-10-08T13:26:08,210.0,T3,interest,面白さ,100,True
R057,2024-10-08T13:26:08,210.0,T3,surprise,驚き,100,True
R057,2024-10-08T13:26:08,210.0,T3,sadness,悲しみ,0,True
R057,2024-10-08T13:26:08,210.0,T3,anger,怒り,66,True
R058,2024-10-08T13:26:15,188.0,T1,interest,面白さ,61,True
R058,2024-10-08T13:26:15,188.0,T1,surprise,驚き,60,True
R058,2024-10-08T13:26:15,188.0,T1,sadness,悲しみ,63,True
R058,2024-10-08T13:26:15,188.0,T1,anger,怒り,21,True
R058,2024-10-08T13:26:15,188.0,T2,interest,面白さ,87,True
R058,2024-10-08T13:26:15,188.0,T2,surprise,驚き,67,True
R058,2024-10-08T13:26:15,188.0,T2,sadness,悲しみ,85,True
R058,2024-10-08T13:26:15,188.0,T2,anger,怒り,67,True
R058,2024-10-08T13:26:15,188.0,T3,interest,面白さ,92,True
R058,2024-10-08T13:26:15,188.0,T3,surprise,驚き,75,True
R058,2024-10-08T13:26:15,188.0,T3,sadness,悲しみ,28,True
R058,2024-10-08T13:26:15,188.0,T3,anger,怒り,33,True
R059,2024-10-08T13:26:17,150.0,T1,interest,面白さ,60,True
R059,2024-10-08T13:26:17,150.0,T1,surprise,驚き,38,True
R059,2024-10-08T13:26:17,150.0,T1,sadness,悲しみ,17,True
R059,2024-10-08T13:26:17,150.0,T1,anger,怒り,0,True
R059,2024-10-08T13:26:17,150.0,T2,interest,面白さ,56,True
R059,2024-10-08T13:26:17,150.0,T2,surprise,驚き,17,True
R059,2024-10-08T13:26:17,150.0,T2,sadness,悲しみ,72,True
R059,2024-10-08T13:26:17,150.0,T2,anger,怒り,0,True
R059,2024-10-08T13:26:17,150.0,T3,interest,面白さ,100,True
R059,2024-10-08T13:26:17,150.0,T3,surprise,驚き,58,True
R059,2024-10-08T13:26:17,150.0,T3,sadness,悲しみ,0,True
R059,2024-10-08T13:26:17,150.0,T3,anger,怒り,0,True
R060,2024-10-08T13:24:42,232.0,T1,interest,面白さ,21,True
R060,2024-10-08T13:24:42,232.0,T1,surprise,驚き,35,True
R060,2024-10-08T13:24:42,232.0,T1,sadness,悲しみ,0,True
R060,2024-10-08T13:24:42,232.0,T1,anger,怒り,0,True
R060,2024-10-08T13:24:42,232.0,T2,interest,面白さ,17,True
R060,2024-10-08T13:24:42,232.0,T2,surprise,驚き,15,True
R060,2024-10-08T13:24:42,232.0,T2,sadness,悲しみ,35,True
R060,2024-10-08T13:24:42,232.0,T2,anger,怒り,34,True
R060,2024-10-08T13:24:42,232.0,T3,interest,面白さ,68,True
R060,2024-10-08T13:24:42,232.0,T3,surprise,驚き,53,True
R060,2024-10-08T13:24:42,232.0,T3,sadness,悲しみ,0,True
R060,2024-10-08T13:24:42,232.0,T3,anger,怒り,3,True
R061,2024-10-08T13:24:17,165.0,T1,interest,面白さ,100,True
R061,2024-10-08T13:24:17,165.0,T1,surprise,驚き,70,True
R061,2024-10-08T13:24:17,165.0,T1,sadness,悲しみ,0,True
R061,2024-10-08T13:24:17,165.0,T1,anger,怒り,0,True
R061,2024-10-08T13:24:17,165.0,T2,interest,面白さ,100,True
R061,2024-10-08T13:24:17,165.0,T2,surprise,驚き,100,True
R061,2024-10-08T13:24:17,165.0,T2,sadness,悲しみ,30,True
R061,2024-10-08T13:24:17,165.0,T2,anger,怒り,0,True
R061,2024-10-08T13:24:17,165.0,T3,interest,面白さ,100,True
R061,2024-10-08T13:24:17,165.0,T3,surprise,驚き,100,True
R061,2024-10-08T13:24:17,165.0,T3,sadness,悲しみ,0,True
R061,2024-10-08T13:24:17,165.0,T3,anger,怒り,0,True
R062,2024-10-08T13:24:59,116.0,T1,interest,面白さ,61,True
R062,2024-10-08T13:24:59,116.0,T1,surprise,驚き,45,True
R062,2024-10-08T13:24:59,116.0,T1,sadness,悲しみ,44,True
R062,2024-10-08T13:24:59,116.0,T1,anger,怒り,49,True
R062,2024-10-08T13:24:59,116.0,T2,interest,面白さ,57,True
R062,2024-10-08T13:24:59,116.0,T2,surprise,驚き,50,True
R062,2024-10-08T13:24:59,116.0,T2,sadness,悲しみ,56,True
R062,2024-10-08T13:24:59,116.0,T2,anger,怒り,55,True
R062,2024-10-08T13:24:59,116.0,T3,interest,面白さ,64,True
R062,2024-10-08T13:24:59,116.0,T3,surprise,驚き,60,True
R062,2024-10-08T13:24:59,116.0,T3,sadness,悲しみ,41,True
R062,2024-10-08T13:24:59,116.0,T3,anger,怒り,38,True
R063,2024-10-08T13:24:57,115.0,T1,interest,面白さ,89,True
R063,2024-10-08T13:24:57,115.0,T1,surprise,驚き,70,True
R063,2024-10-08T13:24:57,115.0,T1,sadness,悲しみ,3,True
R063,2024-10-08T13:24:57,115.0,T1,anger,怒り,1,True
R063,2024-10-08T13:24:57,115.0,T2,interest,面白さ,62,True
R063,2024-10-08T13:24:57,115.0,T2,surprise,驚き,29,True
R063,2024-10-08T13:24:57,115.0,T2,sadness,悲しみ,71,True
R063,2024-10-08T13:24:57,115.0,T2,anger,怒り,55,True
R063,2024-10-08T13:24:57,115.0,T3,interest,面白さ,79,True
R063,2024-10-08T13:24:57,115.0,T3,surprise,驚き,59,True
R063,2024-10-08T13:24:57,115.0,T3,sadness,悲しみ,1,True
R063,2024-10-08T13:24:57,115.0,T3,anger,怒り,1,True
R064,2024-10-08T13:24:39,128.0,T1,interest,面白さ,82,True
R064,2024-10-08T13:24:39,128.0,T1,surprise,驚き,20,True
R064,2024-10-08T13:24:39,128.0,T1,sadness,悲しみ,70,True
R064,2024-10-08T13:24:39,128.0,T1,anger,怒り,11,True
R064,2024-10-08T13:24:39,128.0,T2,interest,面白さ,74,True
R064,2024-10-08T13:24:39,128.0,T2,surprise,驚き,77,True
R064,2024-10-08T13:24:39,128.0,T2,sadness,悲しみ,5,True
R064,2024-10-08T13:24:39,128.0,T2,anger,怒り,0,True
R064,2024-10-08T13:24:39,128.0,T3,interest,面白さ,100,True
R064,2024-10-08T13:24:39,128.0,T3,surprise,驚き,100,True
R064,2024-10-08T13:24:39,128.0,T3,sadness,悲しみ,0,True
R064,2024-10-08T13:24:39,128.0,T3,anger,怒り,0,True
R065,2024-10-08T13:25:14,65.0,T1,interest,面白さ,48,False
R065,2024-10-08T13:25:14,65.0,T1,surprise,驚き,45,False
R065,2024-10-08T13:25:14,65.0,T1,sadness,悲しみ,45,False
R065,2024-10-08T13:25:14,65.0,T1,anger,怒り,45,False
R065,2024-10-08T13:25:14,65.0,T2,interest,面白さ,,False
R065,2024-10-08T13:25:14,65.0,T2,surprise,驚き,,False
R065,2024-10-08T13:25:14,65.0,T2,sadness,悲しみ,,False
R065,2024-10-08T13:25:14,65.0,T2,anger,怒り,,False
R065,2024-10-08T13:25:14,65.0,T3,interest,面白さ,,False
R065,2024-10-08T13:25:14,65.0,T3,surprise,驚き,,False
R065,2024-10-08T13:25:14,65.0,T3,sadness,悲しみ,,False
R065,2024-10-08T13:25:14,65.0,T3,anger,怒り,,False
R066,2024-10-08T13:05:50,1176.0,T1,interest,面白さ,65,True
R066,2024-10-08T13:05:50,1176.0,T1,surprise,驚き,51,True
R066,2024-10-08T13:05:50,1176.0,T1,sadness,悲しみ,3,True
R066,2024-10-08T13:05:50,1176.0,T1,anger,怒り,3,True
R066,2024-10-08T13:05:50,1176.0,T2,interest,面白さ,16,True
R066,2024-10-08T13:05:50,1176.0,T2,surprise,驚き,2,True
R066,2024-10-08T13:05:50,1176.0,T2,sadness,悲しみ,53,True
R066,2024-10-08T13:05:50,1176.0,T2,anger,怒り,0,True
R066,2024-10-08T13:05:50,1176.0,T3,interest,面白さ,32,True
R066,2024-10-08T13:05:50,1176.0,T3,surprise,驚き,47,True
R066,2024-10-08T13:05:50,1176.0,T3,sadness,悲しみ,2,True
R066,2024-10-08T13:05:50,1176.0,T3,anger,怒り,2,True
R067,2024-10-08T13:11:34,58.0,T1,interest,面白さ,78,True
R067,2024-10-08T13:11:34,58.0,T1,surprise,驚き,19,True
R067,2024-10-08T13:11:34,58.0,T1,sadness,悲しみ,1,True
R067,2024-10-08T13:11:34,58.0,T1,anger,怒り,1,True
R067,2024-10-08T13:11:34,58.0,T2,interest,面白さ,8,True
R067,2024-10-08T13:11:34,58.0,T2,surprise,驚き,72,True
R067,2024-10-08T13:11:34,58.0,T2,sadness,悲しみ,85,True
R067,2024-10-08T13:11:34,58.0,T2,anger,怒り,9,True
R067,2024-10-08T13:11:34,58.0,T3,interest,面白さ,88,True
R067,2024-10-08T13:11:34,58.0,T3,surprise,驚き,29,True
R067,2024-10-08T13:11:34,58.0,T3,sadness,悲しみ,7,True
R067,2024-10-08T13:11:34,58.0,T3,anger,怒り,7,True
R068,2024-10-08T12:56:59,109.0,T1,interest,面白さ,73,True
R068,2024-10-08T12:56:59,109.0,T1,surprise,驚き,59,True
R068,2024-10-08T12:56:59,109.0,T1,sadness,悲しみ,13,True
R068,2024-10-08T12:56:59,109.0,T1,anger,怒り,10,True
R068,2024-10-08T12:56:59,109.0,T2,interest,面白さ,51,True
R068,2024-10-08T12:56:59,109.0,T2,surprise,驚き,37,True
R068,2024-10-08T12:56:59,109.0,T2,sadness,悲しみ,61,True
R068,2024-10-08T12:56:59,109.0,T2,anger,怒り,31,True
R068,2024-10-08T12:56:59,109.0,T3,interest,面白さ,85,True
R068,2024-10-08T12:56:59,109.0,T3,surprise,驚き,68,True
R068,2024-10-08T12:56:59,109.0,T3,sadness,悲しみ,0,True
R068,2024-10-08T12:56:59,109.0,T3,anger,怒り,0,True
R069,2024-10-08T11:59:20,198.0,T1,interest,面白さ,30,True
R069,2024-10-08T11:59:20,198.0,T1,surprise,驚き,30,True
R069,2024-10-08T11:59:20,198.0,T1,sadness,悲しみ,0,True
R069,2024-10-08T11:59:20,198.0,T1,anger,怒り,0,True
R069,2024-10-08T11:59:20,198.0,T2,interest,面白さ,23,True
R069,2024-10-08T11:59:20,198.0,T2,surprise,驚き,22,True
R069,2024-10-08T11:59:20,198.0,T2,sadness,悲しみ,0,True
R069,2024-10-08T11:59:20,198.0,T2,anger,怒り,0,True
R069,2024-10-08T11:59:20,198.0,T3,interest,面白さ,72,True
R069,2024-10-08T11:59:20,198.0,T3,surprise,驚き,73,True
R069,2024-10-08T11:59:20,198.0,T3,sadness,悲しみ,0,True
R069,2024-10-08T11:59:20,198.0,T3,anger,怒り,4,True
R070,2024-10-08T11:57:52,208.0,T1,interest,面白さ,57,True
R070,2024-10-08T11:57:52,208.0,T1,surprise,驚き,53,True
R070,2024-10-08T11:57:52,208.0,T1,sadness,悲しみ,60,True
R070,2024-10-08T11:57:52,208.0,T1,anger,怒り,44,True
R070,2024-10-08T11:57:52,208.0,T2,interest,面白さ,55,True
R070,2024-10-08T11:57:52,208.0,T2,surprise,驚き,54,True
R070,2024-10-08T11:57:52,208.0,T2,sadness,悲しみ,65,True
R070,2024-10-08T11:57:52,208.0,T2,anger,怒り,38,True
R070,2024-10-08T11:57:52,208.0,T3,interest,面白さ,57,True
R070,2024-10-08T11:57:52,208.0,T3,surprise,驚き,66,True
R070,2024-10-08T11:57:52,208.0,T3,sadness,悲しみ,40,True
R070,2024-10-08T11:57:52,208.0,T3,anger,怒り,48,True
R071,2024-10-08T11:57:53,187.0,T1,interest,面白さ,77,True
R071,2024-10-08T11:57:53,187.0,T1,surprise,驚き,71,True
R071,2024-10-08T11:57:53,187.0,T1,sadness,悲しみ,63,True
R071,2024-10-08T11:57:53,187.0,T1,anger,怒り,40,True
R071,2024-10-08T11:57:53,187.0,T2,interest,面白さ,69,True
R071,2024-10-08T11:57:53,187.0,T2,surprise,驚き,54,True
R071,2024-10-08T11:57:53,187.0,T2,sadness,悲しみ,61,True
R071,2024-10-08T11:57:53,187.0,T2,anger,怒り,42,True
R071,2024-10-08T11:57:53,187.0,T3,interest,面白さ,67,True
R071,2024-10-08T11:57:53,187.0,T3,surprise,驚き,59,True
R071,2024-10-08T11:57:53,187.0,T3,sadness,悲しみ,35,True
R071,2024-10-08T11:57:53,187.0,T3,anger,怒り,29,True
R072,2024-10-08T11:58:19,155.0,T1,interest,面白さ,68,True
R072,2024-10-08T11:58:19,155.0,T1,surprise,驚き,24,True
R072,2024-10-08T11:58:19,155.0,T1,sadness,悲しみ,0,True
R072,2024-10-08T11:58:19,155.0,T1,anger,怒り,59,True
R072,2024-10-08T11:58:19,155.0,T2,interest,面白さ,69,True
R072,2024-10-08T11:58:19,155.0,T2,surprise,驚き,28,True
R072,2024-10-08T11:58:19,155.0,T2,sadness,悲しみ,0,True
R072,2024-10-08T11:58:19,155.0,T2,anger,怒り,3,True
R072,2024-10-08T11:58:19,155.0,T3,interest,面白さ,87,True
R072,2024-10-08T11:58:19,155.0,T3,surprise,驚き,80,True
R072,2024-10-08T11:58:19,155.0,T3,sadness,悲しみ,0,True
R072,2024-10-08T11:58:19,155.0,T3,anger,怒り,0,True
R073,2024-10-08T11:55:49,290.0,T1,interest,面白さ,63,True
R073,2024-10-08T11:55:49,290.0,T1,surprise,驚き,20,True
R073,2024-10-08T11:55:49,290.0,T1,sadness,悲しみ,2,True
R073,2024-10-08T11:55:49,290.0,T1,anger,怒り,2,True
R073,2024-10-08T11:55:49,290.0,T2,interest,面白さ,86,True
R073,2024-10-08T11:55:49,290.0,T2,surprise,驚き,16,True
R073,2024-10-08T11:55:49,290.0,T2,sadness,悲しみ,72,True
R073,2024-10-08T11:55:49,290.0,T2,anger,怒り,24,True
R073,2024-10-08T11:55:49,290.0,T3,interest,面白さ,91,True
R073,2024-10-08T11:55:49,290.0,T3,surprise,驚き,20,True
R073,2024-10-08T11:55:49,290.0,T3,sadness,悲しみ,6,True
R073,2024-10-08T11:55:49,290.0,T3,anger,怒り,8,True
R074,2024-10-08T11:55:32,196.0,T1,interest,面白さ,39,True
R074,2024-10-08T11:55:32,196.0,T1,surprise,驚き,39,True
R074,2024-10-08T11:55:32,196.0,T1,sadness,悲しみ,42,True
R074,2024-10-08T11:55:32,196.0,T1,anger,怒り,45,True
R074,2024-10-08T11:55:32,196.0,T2,interest,面白さ,44,True
R074,2024-10-08T11:55:32,196.0,T2,surprise,驚き,41,True
R074,2024-10-08T11:55:32,196.0,T2,sadness,悲しみ,41,True
R074,2024-10-08T11:55:32,196.0,T2,anger,怒り,40,True
R074,2024-10-08T11:55:32,196.0,T3,interest,面白さ,43,True
R074,2024-10-08T11:55:32,196.0,T3,surprise,驚き,46,True
R074,2024-10-08T11:55:32,196.0,T3,sadness,悲しみ,43,True
R074,2024-10-08T11:55:32,196.0,T3,anger,怒り,38,True
R075,2024-10-08T11:55:40,169.0,T1,interest,面白さ,100,True
R075,2024-10-08T11:55:40,169.0,T1,surprise,驚き,100,True
R075,2024-10-08T11:55:40,169.0,T1,sadness,悲しみ,50,True
R075,2024-10-08T11:55:40,169.0,T1,anger,怒り,54,True
R075,2024-10-08T11:55:40,169.0,T2,interest,面白さ,44,True
R075,2024-10-08T11:55:40,169.0,T2,surprise,驚き,39,True
R075,2024-10-08T11:55:40,169.0,T2,sadness,悲しみ,59,True
R075,2024-10-08T11:55:40,169.0,T2,anger,怒り,69,True
R075,2024-10-08T11:55:40,169.0,T3,interest,面白さ,100,True
R075,2024-10-08T11:55:40,169.0,T3,surprise,驚き,78,True
R075,2024-10-08T11:55:40,169.0,T3,sadness,悲しみ,0,True
R075,2024-10-08T11:55:40,169.0,T3,anger,怒り,0,True
R076,2024-10-08T11:55:18,191.0,T1,interest,面白さ,61,True
R076,2024-10-08T11:55:18,191.0,T1,surprise,驚き,60,True
R076,2024-10-08T11:55:18,191.0,T1,sadness,悲しみ,65,True
R076,2024-10-08T11:55:18,191.0,T1,anger,怒り,60,True
R076,2024-10-08T11:55:18,191.0,T2,interest,面白さ,63,True
R076,2024-10-08T11:55:18,191.0,T2,surprise,驚き,55,True
R076,2024-10-08T11:55:18,191.0,T2,sadness,悲しみ,65,True
R076,2024-10-08T11:55:18,191.0,T2,anger,怒り,39,True
R076,2024-10-08T11:55:18,191.0,T3,interest,面白さ,57,True
R076,2024-10-08T11:55:18,191.0,T3,surprise,驚き,41,True
R076,2024-10-08T11:55:18,191.0,T3,sadness,悲しみ,46,True
R076,2024-10-08T11:55:18,191.0,T3,anger,怒り,64,True
R077,2024-10-08T11:55:58,109.0,T1,interest,面白さ,69,True
R077,2024-10-08T11:55:58,109.0,T1,surprise,驚き,67,True
R077,2024-10-08T11:55:58,109.0,T1,sadness,悲しみ,56,True
R077,2024-10-08T11:55:58,109.0,T1,anger,怒り,55,True
R077,2024-10-08T11:55:58,109.0,T2,interest,面白さ,54,True
R077,2024-10-08T11:55:58,109.0,T2,surprise,驚き,39,True
R077,2024-10-08T11:55:58,109.0,T2,sadness,悲しみ,64,True
R077,2024-10-08T11:55:58,109.0,T2,anger,怒り,47,True
R077,2024-10-08T11:55:58,109.0,T3,interest,面白さ,65,True
R077,2024-10-08T11:55:58,109.0,T3,surprise,驚き,54,True
R077,2024-10-08T11:55:58,109.0,T3,sadness,悲しみ,60,True
R077,2024-10-08T11:55:58,109.0,T3,anger,怒り,43,True
R078,2024-10-08T11:55:03,154.0,T1,interest,面白さ,85,True
R078,2024-10-08T11:55:03,154.0,T1,surprise,驚き,75,True
R078,2024-10-08T11:55:03,154.0,T1,sadness,悲しみ,0,True
R078,2024-10-08T11:55:03,154.0,T1,anger,怒り,0,True
R078,2024-10-08T11:55:03,154.0,T2,interest,面白さ,52,True
R078,2024-10-08T11:55:03,154.0,T2,surprise,驚き,53,True
R078,2024-10-08T11:55:03,154.0,T2,sadness,悲しみ,51,True
R078,2024-10-08T11:55:03,154.0,T2,anger,怒り,49,True
R078,2024-10-08T11:55:03,154.0,T3,interest,面白さ,100,True
R078,2024-10-08T11:55:03,154.0,T3,surprise,驚き,57,True
R078,2024-10-08T11:55:03,154.0,T3,sadness,悲しみ,0,True
R078,2024-10-08T11:55:03,154.0,T3,anger,怒り,0,True
R079,2024-10-08T11:55:38,91.0,T1,interest,面白さ,55,True
R079,2024-10-08T11:55:38,91.0,T1,surprise,驚き,53,True
R079,2024-10-08T11:55:38,91.0,T1,sadness,悲しみ,54,True
R079,2024-10-08T11:55:38,91.0,T1,anger,怒り,16,True
R079,2024-10-08T11:55:38,91.0,T2,interest,面白さ,71,True
R079,2024-10-08T11:55:38,91.0,T2,surprise,驚き,85,True
R079,2024-10-08T11:55:38,91.0,T2,sadness,悲しみ,12,True
R079,2024-10-08T11:55:38,91.0,T2,anger,怒り,14,True
R079,2024-10-08T11:55:38,91.0,T3,interest,面白さ,65,True
R079,2024-10-08T11:55:38,91.0,T3,surprise,驚き,73,True
R079,2024-10-08T11:55:38,91.0,T3,sadness,悲しみ,82,True
R079,2024-10-08T11:55:38,91.0,T3,anger,怒り,31,True
R080,2024-10-08T11:53:04,209.0,T1,interest,面白さ,50,True
R080,2024-10-08T11:53:04,209.0,T1,surprise,驚き,49,True
R080,2024-10-08T11:53:04,209.0,T1,sadness,悲しみ,0,True
R080,2024-10-08T11:53:04,209.0,T1,anger,怒り,0,True
R080,2024-10-08T11:53:04,209.0,T2,interest,面白さ,50,True
R080,2024-10-08T11:53:04,209.0,T2,surprise,驚き,75,True
R080,2024-10-08T11:53:04,209.0,T2,sadness,悲しみ,0,True
R080,2024-10-08T11:53:04,209.0,T2,anger,怒り,0,True
R080,2024-10-08T11:53:04,209.0,T3,interest,面白さ,93,True
R080,2024-10-08T11:53:04,209.0,T3,surprise,驚き,78,True
R080,2024-10-08T11:53:04,209.0,T3,sadness,悲しみ,0,True
R080,2024-10-08T11:53:04,209.0,T3,anger,怒り,0,True
R081,2024-10-08T11:53:56,116.0,T1,interest,面白さ,64,True
R081,2024-10-08T11:53:56,116.0,T1,surprise,驚き,38,True
R081,2024-10-08T11:53:56,116.0,T1,sadness,悲しみ,32,True
R081,2024-10-08T11:53:56,116.0,T1,anger,怒り,55,True
R081,2024-10-08T11:53:56,116.0,T2,interest,面白さ,36,True
R081,2024-10-08T11:53:56,116.0,T2,surprise,驚き,32,True
R081,2024-10-08T11:53:56,116.0,T2,sadness,悲しみ,76,True
R081,2024-10-08T11:53:56,116.0,T2,anger,怒り,55,True
R081,2024-10-08T11:53:56,116.0,T3,interest,面白さ,78,True
R081,2024-10-08T11:53:56,116.0,T3,surprise,驚き,73,True
R081,2024-10-08T11:53:56,116.0,T3,sadness,悲しみ,21,True
R081,2024-10-08T11:53:56,116.0,T3,anger,怒り,37,True
R082,2024-10-08T11:54:31,67.0,T1,interest,面白さ,64,True
R082,2024-10-08T11:54:31,67.0,T1,surprise,驚き,44,True
R082,2024-10-08T11:54:31,67.0,T1,sadness,悲しみ,34,True
R082,2024-10-08T11:54:31,67.0,T1,anger,怒り,37,True
R082,2024-10-08T11:54:31,67.0,T2,interest,面白さ,58,True
R082,2024-10-08T11:54:31,67.0,T2,surprise,驚き,49,True
R082,2024-10-08T11:54:31,67.0,T2,sadness,悲しみ,59,True
R082,2024-10-08T11:54:31,67.0,T2,anger,怒り,59,True
R082,2024-10-08T11:54:31,67.0,T3,interest,面白さ,60,True
R082,2024-10-08T11:54:31,67.0,T3,surprise,驚き,62,True
R082,2024-10-08T11:54:31,67.0,T3,sadness,悲しみ,40,True
R082,2024-10-08T11:54:31,67.0,T3,anger,怒り,43,True
R083,2024-10-08T11:53:06,125.0,T1,interest,面白さ,41,True
R083,2024-10-08T11:53:06,125.0,T1,surprise,驚き,37,True
R083,2024-10-08T11:53:06,125.0,T1,sadness,悲しみ,27,True
R083,2024-10-08T11:53:06,125.0,T1,anger,怒り,10,True
R083,2024-10-08T11:53:06,125.0,T2,interest,面白さ,35,True
R083,2024-10-08T11:53:06,125.0,T2,surprise,驚き,6,True
R083,2024-10-08T11:53:06,125.0,T2,sadness,悲しみ,0,True
R083,2024-10-08T11:53:06,125.0,T2,anger,怒り,0,True
R083,2024-10-08T11:53:06,125.0,T3,interest,面白さ,67,True
R083,2024-10-08T11:53:06,125.0,T3,surprise,驚き,76,True
R083,2024-10-08T11:53:06,125.0,T3,sadness,悲しみ,9,True
R083,2024-10-08T11:53:06,125.0,T3,anger,怒り,0,True
R084,2024-10-08T11:52:21,169.0,T1,interest,面白さ,77,False
R084,2024-10-08T11:52:21,169.0,T1,surprise,驚き,49,False
R084,2024-10-08T11:52:21,169.0,T1,sadness,悲しみ,0,False
R084,2024-10-08T11:52:21,169.0,T1,anger,怒り,0,False
R084,2024-10-08T11:52:21,169.0,T2,interest,面白さ,,False
R084,2024-10-08T11:52:21,169.0,T2,surprise,驚き,,False
R084,2024-10-08T11:52:21,169.0,T2,sadness,悲しみ,,False
R084,2024-10-08T11:52:21,169.0,T2,anger,怒り,,False
R084,2024-10-08T11:52:21,169.0,T3,interest,面白さ,,False
R084,2024-10-08T11:52:21,169.0,T3,surprise,驚き,,False
R084,2024-10-08T11:52:21,169.0,T3,sadness,悲しみ,,False
R084,2024-10-08T11:52:21,169.0,T3,anger,怒り,,False
R085,2024-10-08T11:53:06,116.0,T1,interest,面白さ,30,True
R085,2024-10-08T11:53:06,116.0,T1,surprise,驚き,32,True
R085,2024-10-08T11:53:06,116.0,T1,sadness,悲しみ,29,True
R085,2024-10-08T11:53:06,116.0,T1,anger,怒り,16,True
R085,2024-10-08T11:53:06,116.0,T2,interest,面白さ,31,True
R085,2024-10-08T11:53:06,116.0,T2,surprise,驚き,36,True
R085,2024-10-08T11:53:06,116.0,T2,sadness,悲しみ,32,True
R085,2024-10-08T11:53:06,116.0,T2,anger,怒り,28,True
R085,2024-10-08T11:53:06,116.0,T3,interest,面白さ,37,True
R085,2024-10-08T11:53:06,116.0,T3,surprise,驚き,70,True
R085,2024-10-08T11:53:06,116.0,T3,sadness,悲しみ,33,True
R085,2024-10-08T11:53:06,116.0,T3,anger,怒り,44,True
R086,2024-10-08T11:52:35,142.0,T1,interest,面白さ,91,True
R086,2024-10-08T11:52:35,142.0,T1,surprise,驚き,0,True
R086,2024-10-08T11:52:35,142.0,T1,sadness,悲しみ,0,True
R086,2024-10-08T11:52:35,142.0,T1,anger,怒り,1,True
R086,2024-10-08T11:52:35,142.0,T2,interest,面白さ,60,True
R086,2024-10-08T11:52:35,142.0,T2,surprise,驚き,1,True
R086,2024-10-08T11:52:35,142.0,T2,sadness,悲しみ,1,True
R086,2024-10-08T11:52:35,142.0,T2,anger,怒り,1,True
R086,2024-10-08T11:52:35,142.0,T3,interest,面白さ,99,True
R086,2024-10-08T11:52:35,142.0,T3,surprise,驚き,58,True
R086,2024-10-08T11:52:35,142.0,T3,sadness,悲しみ,1,True
R086,2024-10-08T11:52:35,142.0,T3,anger,怒り,1,True
R087,2024-10-08T11:52:09,142.0,T1,interest,面白さ,65,True
R087,2024-10-08T11:52:09,142.0,T1,surprise,驚き,60,True
R087,2024-10-08T11:52:09,142.0,T1,sadness,悲しみ,17,True
R087,2024-10-08T11:52:09,142.0,T1,anger,怒り,3,True
R087,2024-10-08T11:52:09,142.0,T2,interest,面白さ,52,True
R087,2024-10-08T11:52:09,142.0,T2,surprise,驚き,20,True
R087,2024-10-08T11:52:09,142.0,T2,sadness,悲しみ,22,True
R087,2024-10-08T11:52:09,142.0,T2,anger,怒り,15,True
R087,2024-10-08T11:52:09,142.0,T3,interest,面白さ,68,True
R087,2024-10-08T11:52:09,142.0,T3,surprise,驚き,67,True
R087,2024-10-08T11:52:09,142.0,T3,sadness,悲しみ,17,True
R087,2024-10-08T11:52:09,142.0,T3,anger,怒り,15,True
R088,2024-10-08T11:52:51,48.0,T1,interest,面白さ,81,False
R088,2024-10-08T11:52:51,48.0,T1,surprise,驚き,74,False
R088,2024-10-08T11:52:51,48.0,T1,sadness,悲しみ,75,False
R088,2024-10-08T11:52:51,48.0,T1,anger,怒り,63,False
R088,2024-10-08T11:52:51,48.0,T2,interest,面白さ,,False
R088,2024-10-08T11:52:51,48.0,T2,surprise,驚き,,False
R088,2024-10-08T11:52:51,48.0,T2,sadness,悲しみ,,False
R088,2024-10-08T11:52:51,48.0,T2,anger,怒り,,False
R088,2024-10-08T11:52:51,48.0,T3,interest,面白さ,,False
R088,2024-10-08T11:52:51,48.0,T3,surprise,驚き,,False
R088,2024-10-08T11:52:51,48.0,T3,sadness,悲しみ,,False
R088,2024-10-08T11:52:51,48.0,T3,anger,怒り,,False
R089,2024-10-08T11:43:53,363.0,T1,interest,面白さ,25,True
R089,2024-10-08T11:43:53,363.0,T1,surprise,驚き,0,True
R089,2024-10-08T11:43:53,363.0,T1,sadness,悲しみ,0,True
R089,2024-10-08T11:43:53,363.0,T1,anger,怒り,0,True
R089,2024-10-08T11:43:53,363.0,T2,interest,面白さ,35,True
R089,2024-10-08T11:43:53,363.0,T2,surprise,驚き,4,True
R089,2024-10-08T11:43:53,363.0,T2,sadness,悲しみ,3,True
R089,2024-10-08T11:43:53,363.0,T2,anger,怒り,0,True
R089,2024-10-08T11:43:53,363.0,T3,interest,面白さ,17,True
R089,2024-10-08T11:43:53,363.0,T3,surprise,驚き,8,True
R089,2024-10-08T11:43:53,363.0,T3,sadness,悲しみ,0,True
R089,2024-10-08T11:43:53,363.0,T3,anger,怒り,0,True
R090,2024-10-08T11:31:09,209.0,T1,interest,面白さ,0,True
R090,2024-10-08T11:31:09,209.0,T1,surprise,驚き,0,True
R090,2024-10-08T11:31:09,209.0,T1,sadness,悲しみ,0,True
R090,2024-10-08T11:31:09,209.0,T1,anger,怒り,0,True
R090,2024-10-08T11:31:09,209.0,T2,interest,面白さ,36,True
R090,2024-10-08T11:31:09,209.0,T2,surprise,驚き,0,True
R090,2024-10-08T11:31:09,209.0,T2,sadness,悲しみ,77,True
R090,2024-10-08T11:31:09,209.0,T2,anger,怒り,32,True
R090,2024-10-08T11:31:09,209.0,T3,interest,面白さ,81,True
R090,2024-10-08T11:31:09,209.0,T3,surprise,驚き,65,True
R090,2024-10-08T11:31:09,209.0,T3,sadness,悲しみ,0,True
R090,2024-10-08T11:31:09,209.0,T3,anger,怒り,0,True
R091,2024-10-07T14:17:23,288.0,T1,interest,面白さ,48,True
R091,2024-10-07T14:17:23,288.0,T1,surprise,驚き,52,True
R091,2024-10-07T14:17:23,288.0,T1,sadness,悲しみ,40,True
R091,2024-10-07T14:17:23,288.0,T1,anger,怒り,0,True
R091,2024-10-07T14:17:23,288.0,T2,interest,面白さ,51,True
R091,2024-10-07T14:17:23,288.0,T2,surprise,驚き,48,True
R091,2024-10-07T14:17:23,288.0,T2,sadness,悲しみ,46,True
R091,2024-10-07T14:17:23,288.0,T2,anger,怒り,47,True
R091,2024-10-07T14:17:23,288.0,T3,interest,面白さ,60,True
R091,2024-10-07T14:17:23,288.0,T3,surprise,驚き,58,True
R091,2024-10-07T14:17:23,288.0,T3,sadness,悲しみ,0,True
R091,2024-10-07T14:17:23,288.0,T3,anger,怒り,0,True
