run_id,stage,design_id,manifest_row,model_id,provider,language,story_id,target_mode,repetition,ok,profile_entropy
icicic2026_benchmark_positioning_v1_stable6_main,main,icicic2026_benchmark_positioning_v1,0,openai/gpt-5.4,openrouter,en,T1,reader_side,1,True,0.767753015
icicic2026_benchmark_positioning_v1_stable6_main,main,icicic2026_benchmark_positioning_v1,1,openai/gpt-5.4,openrouter,en,T1,reader_side,2,True,0.787349794
icicic2026_benchmark_positioning_v1_stable6_main,main,icicic2026_benchmark_positioning_v1,2,openai/gpt-5.4,openrouter,en,T1,reader_side,3,True,0.739344738
icicic2026_benchmark_positioning_v1_stable6_main,main,icicic2026_benchmark_positioning_v1,3,openai/gpt-5.4,openrouter,en,T1,reader_side,4,True,0.78708853
icicic2026_benchmark_positioning_v1_stable6_main,main,icicic2026_benchmark_positioning_v1,4,openai/gpt-5.4,openrouter,en,T1,reader_side,5,True,0.785730213
icicic2026_benchmark_positioning_v1_stable6_main,main,icicic2026_benchmark_positioning_v1,5,openai/gpt-5.4,openrouter,en,T1,reader_side,6,True,0.798808452
icicic2026_benchmark_positioning_v1_stable6_main,main,icicic2026_benchmark_positioning_v1,6,openai/gpt-5.4,openrouter,en,T1,reader_side,7,True,0.790428321
icicic2026_benchmark_positioning_v1_stable6_main,main,icicic2026_benchmark_positioning_v1,7,openai/gpt-5.4,openrouter,en,T1,reader_side,8,True,0.734687284
icicic2026_benchmark_positioning_v1_stable6_main,main,icicic2026_benchmark_positioning_v1,8,openai/gpt-5.4,openrouter,en,T1,reader_side,9,True,0.828233954
icicic2026_benchmark_positioning_v1_stable6_main,main,icicic2026_benchmark_positioning_v1,9,openai/gpt-5.4,openrouter,en,T1,reader_side,10,True,0.777685852
icicic2026_benchmark_positioning_v1_stable6_main,main,icicic2026_benchmark_positioning_v1,10,openai/gpt-5.4,openrouter,en,T1,character_side,1,True,0.744130555
icicic2026_benchmark_positioning_v1_stable6_main,main,icicic2026_benchmark_positioning_v1,11,openai/gpt-5.4,openrouter,en,T1,character_side,2,True,0.782509605
icicic2026_benchmark_positioning_v1_stable6_main,main,icicic2026_benchmark_positioning_v1,12,openai/gpt-5.4,openrouter,en,T1,character_side,3,True,0.749164586
icicic2026_benchmark_positioning_v1_stable6_main,main,icicic2026_benchmark_positioning_v1,13,openai/gpt-5.4,openrouter,en,T1,character_side,4,True,0.793417869
icicic2026_benchmark_positioning_v1_stable6_main,main,icicic2026_benchmark_positioning_v1,14,openai/gpt-5.4,openrouter,en,T1,character_side,5,True,0.782509605
icicic2026_benchmark_positioning_v1_stable6_main,main,icicic2026_benchmark_positioning_v1,15,openai/gpt-5.4,openrouter,en,T1,character_side,6,True,0.782088783
icicic2026_benchmark_positioning_v1_stable6_main,main,icicic2026_benchmark_positioning_v1,16,openai/gpt-5.4,openrouter,en,T1,character_side,7,True,0.793417869
icicic2026_benchmark_positioning_v1_stable6_main,main,icicic2026_benchmark_positioning_v1,17,openai/gpt-5.4,openrouter,en,T1,character_side,8,True,0.782598192
icicic2026_benchmark_positioning_v1_stable6_main,main,icicic2026_benchmark_positioning_v1,18,openai/gpt-5.4,openrouter,en,T1,character_side,9,True,0.744130555
icicic2026_benchmark_positioning_v1_stable6_main,main,icicic2026_benchmark_positioning_v1,19,openai/gpt-5.4,openrouter,en,T1,character_side,10,True,0.772365847
icicic2026_benchmark_positioning_v1_stable6_main,main,icicic2026_benchmark_positioning_v1,20,openai/gpt-5.4,openrouter,en,T2,reader_side,1,True,0.827921289
icicic2026_benchmark_positioning_v1_stable6_main,main,icicic2026_benchmark_positioning_v1,21,openai/gpt-5.4,openrouter,en,T2,reader_side,2,True,0.830726692
icicic2026_benchmark_positioning_v1_stable6_main,main,icicic2026_benchmark_positioning_v1,22,openai/gpt-5.4,openrouter,en,T2,reader_side,3,True,0.802359478
icicic2026_benchmark_positioning_v1_stable6_main,main,icicic2026_benchmark_positioning_v1,23,openai/gpt-5.4,openrouter,en,T2,reader_side,4,True,0.848510247
icicic2026_benchmark_positioning_v1_stable6_main,main,icicic2026_benchmark_positioning_v1,24,openai/gpt-5.4,openrouter,en,T2,reader_side,5,True,0.806907085
icicic2026_benchmark_positioning_v1_stable6_main,main,icicic2026_benchmark_positioning_v1,25,openai/gpt-5.4,openrouter,en,T2,reader_side,6,True,0.802359478
icicic2026_benchmark_positioning_v1_stable6_main,main,icicic2026_benchmark_positioning_v1,26,openai/gpt-5.4,openrouter,en,T2,reader_side,7,True,0.850181348
icicic2026_benchmark_positioning_v1_stable6_main,main,icicic2026_benchmark_positioning_v1,27,openai/gpt-5.4,openrouter,en,T2,reader_side,8,True,0.799893545
icicic2026_benchmark_positioning_v1_stable6_main,main,icicic2026_benchmark_positioning_v1,28,openai/gpt-5.4,openrouter,en,T2,reader_side,9,True,0.850181348
icicic2026_benchmark_positioning_v1_stable6_main,main,icicic2026_benchmark_positioning_v1,29,openai/gpt-5.4,openrouter,en,T2,reader_side,10,True,0.813160879
icicic2026_benchmark_positioning_v1_stable6_main,main,icicic2026_benchmark_positioning_v1,30,openai/gpt-5.4,openrouter,en,T2,character_side,1,True,0.852135281
icicic2026_benchmark_positioning_v1_stable6_main,main,icicic2026_benchmark_positioning_v1,31,openai/gpt-5.4,openrouter,en,T2,character_side,2,True,0.853607228
icicic2026_benchmark_positioning_v1_stable6_main,main,icicic2026_benchmark_positioning_v1,32,openai/gpt-5.4,openrouter,en,T2,character_side,3,True,0.833571166
icicic2026_benchmark_positioning_v1_stable6_main,main,icicic2026_benchmark_positioning_v1,33,openai/gpt-5.4,openrouter,en,T2,character_side,4,True,0.80539177
icicic2026_benchmark_positioning_v1_stable6_main,main,icicic2026_benchmark_positioning_v1,34,openai/gpt-5.4,openrouter,en,T2,character_side,5,True,0.843815707
icicic2026_benchmark_positioning_v1_stable6_main,main,icicic2026_benchmark_positioning_v1,35,openai/gpt-5.4,openrouter,en,T2,character_side,6,True,0.865050954
icicic2026_benchmark_positioning_v1_stable6_main,main,icicic2026_benchmark_positioning_v1,36,openai/gpt-5.4,openrouter,en,T2,character_side,7,True,0.855609025
icicic2026_benchmark_positioning_v1_stable6_main,main,icicic2026_benchmark_positioning_v1,37,openai/gpt-5.4,openrouter,en,T2,character_side,8,True,0.85241295
icicic2026_benchmark_positioning_v1_stable6_main,main,icicic2026_benchmark_positioning_v1,38,openai/gpt-5.4,openrouter,en,T2,character_side,9,True,0.7963998
icicic2026_benchmark_positioning_v1_stable6_main,main,icicic2026_benchmark_positioning_v1,39,openai/gpt-5.4,openrouter,en,T2,character_side,10,True,0.86107097
icicic2026_benchmark_positioning_v1_stable6_main,main,icicic2026_benchmark_positioning_v1,40,openai/gpt-5.4,openrouter,en,T3,reader_side,1,True,0.993704887
icicic2026_benchmark_positioning_v1_stable6_main,main,icicic2026_benchmark_positioning_v1,41,openai/gpt-5.4,openrouter,en,T3,reader_side,2,True,0.995826187
icicic2026_benchmark_positioning_v1_stable6_main,main,icicic2026_benchmark_positioning_v1,42,openai/gpt-5.4,openrouter,en,T3,reader_side,3,True,0.995489136
icicic2026_benchmark_positioning_v1_stable6_main,main,icicic2026_benchmark_positioning_v1,43,openai/gpt-5.4,openrouter,en,T3,reader_side,4,True,0.996884874
icicic2026_benchmark_positioning_v1_stable6_main,main,icicic2026_benchmark_positioning_v1,44,openai/gpt-5.4,openrouter,en,T3,reader_side,5,True,0.995447843
icicic2026_benchmark_positioning_v1_stable6_main,main,icicic2026_benchmark_positioning_v1,45,openai/gpt-5.4,openrouter,en,T3,reader_side,6,True,0.995085481
icicic2026_benchmark_positioning_v1_stable6_main,main,icicic2026_benchmark_positioning_v1,46,openai/gpt-5.4,openrouter,en,T3,reader_side,7,True,0.993468047
icicic2026_benchmark_positioning_v1_stable6_main,main,icicic2026_benchmark_positioning_v1,47,openai/gpt-5.4,openrouter,en,T3,reader_side,8,True,0.995801418
icicic2026_benchmark_positioning_v1_stable6_main,main,icicic2026_benchmark_positioning_v1,48,openai/gpt-5.4,openrouter,en,T3,reader_side,9,True,0.996126892
icicic2026_benchmark_positioning_v1_stable6_main,main,icicic2026_benchmark_positioning_v1,49,openai/gpt-5.4,openrouter,en,T3,reader_side,10,True,0.996256503
icicic2026_benchmark_positioning_v1_stable6_main,main,icicic2026_benchmark_positioning_v1,50,openai/gpt-5.4,openrouter,en,T3,character_side,1,True,0.967410234
icicic2026_benchmark_positioning_v1_stable6_main,main,icicic2026_benchmark_positioning_v1,51,openai/gpt-5.4,openrouter,en,T3,character_side,2,True,0.968781662
icicic2026_benchmark_positioning_v1_stable6_main,main,icicic2026_benchmark_positioning_v1,52,openai/gpt-5.4,openrouter,en,T3,character_side,3,True,0.949789123
icicic2026_benchmark_positioning_v1_stable6_main,main,icicic2026_benchmark_positioning_v1,53,openai/gpt-5.4,openrouter,en,T3,character_side,4,True,0.964208924
icicic2026_benchmark_positioning_v1_stable6_main,main,icicic2026_benchmark_positioning_v1,54,openai/gpt-5.4,openrouter,en,T3,character_side,5,True,0.9657919
icicic2026_benchmark_positioning_v1_stable6_main,main,icicic2026_benchmark_positioning_v1,55,openai/gpt-5.4,openrouter,en,T3,character_side,6,True,0.968259434
icicic2026_benchmark_positioning_v1_stable6_main,main,icicic2026_benchmark_positioning_v1,56,openai/gpt-5.4,openrouter,en,T3,character_side,7,True,0.979226824
icicic2026_benchmark_positioning_v1_stable6_main,main,icicic2026_benchmark_positioning_v1,57,openai/gpt-5.4,openrouter,en,T3,character_side,8,True,0.968515241
icicic2026_benchmark_positioning_v1_stable6_main,main,icicic2026_benchmark_positioning_v1,58,openai/gpt-5.4,openrouter,en,T3,character_side,9,True,0.968029711
icicic2026_benchmark_positioning_v1_stable6_main,main,icicic2026_benchmark_positioning_v1,59,openai/gpt-5.4,openrouter,en,T3,character_side,10,True,0.966628484
icicic2026_benchmark_positioning_v1_stable6_main,main,icicic2026_benchmark_positioning_v1,60,anthropic/claude-sonnet-4.5,openrouter,en,T1,reader_side,1,True,0.762273727
icicic2026_benchmark_positioning_v1_stable6_main,main,icicic2026_benchmark_positioning_v1,61,anthropic/claude-sonnet-4.5,openrouter,en,T1,reader_side,2,True,0.762273727
icicic2026_benchmark_positioning_v1_stable6_main,main,icicic2026_benchmark_positioning_v1,62,anthropic/claude-sonnet-4.5,openrouter,en,T1,reader_side,3,True,0.759729445
icicic2026_benchmark_positioning_v1_stable6_main,main,icicic2026_benchmark_positioning_v1,63,anthropic/claude-sonnet-4.5,openrouter,en,T1,reader_side,4,True,0.762273727
icicic2026_benchmark_positioning_v1_stable6_main,main,icicic2026_benchmark_positioning_v1,64,anthropic/claude-sonnet-4.5,openrouter,en,T1,reader_side,5,True,0.759729445
icicic2026_benchmark_positioning_v1_stable6_main,main,icicic2026_benchmark_positioning_v1,65,anthropic/claude-sonnet-4.5,openrouter,en,T1,reader_side,6,True,0.759729445
icicic2026_benchmark_positioning_v1_stable6_main,main,icicic2026_benchmark_positioning_v1,66,anthropic/claude-sonnet-4.5,openrouter,en,T1,reader_side,7,True,0.762273727
icicic2026_benchmark_positioning_v1_stable6_main,main,icicic2026_benchmark_positioning_v1,67,anthropic/claude-sonnet-4.5,openrouter,en,T1,reader_side,8,True,0.759729445
icicic2026_benchmark_positioning_v1_stable6_main,main,icicic2026_benchmark_positioning_v1,68,anthropic/claude-sonnet-4.5,openrouter,en,T1,reader_side,9,True,0.759729445
icicic2026_benchmark_positioning_v1_stable6_main,main,icicic2026_benchmark_positioning_v1,69,anthropic/claude-sonnet-4.5,openrouter,en,T1,reader_side,10,True,0.762273727
icicic2026_benchmark_positioning_v1_stable6_main,main,icicic2026_benchmark_positioning_v1,70,anthropic/claude-sonnet-4.5,openrouter,en,T1,character_side,1,True,0.754602888
icicic2026_benchmark_positioning_v1_stable6_main,main,icicic2026_benchmark_positioning_v1,71,anthropic/claude-sonnet-4.5,openrouter,en,T1,character_side,2,True,0.809944176
icicic2026_benchmark_positioning_v1_stable6_main,main,icicic2026_benchmark_positioning_v1,72,anthropic/claude-sonnet-4.5,openrouter,en,T1,character_side,3,True,0.855168888
icicic2026_benchmark_positioning_v1_stable6_main,main,icicic2026_benchmark_positioning_v1,73,anthropic/claude-sonnet-4.5,openrouter,en,T1,character_side,4,True,0.827018918
icicic2026_benchmark_positioning_v1_stable6_main,main,icicic2026_benchmark_positioning_v1,74,anthropic/claude-sonnet-4.5,openrouter,en,T1,character_side,5,True,0.827018918
icicic2026_benchmark_positioning_v1_stable6_main,main,icicic2026_benchmark_positioning_v1,75,anthropic/claude-sonnet-4.5,openrouter,en,T1,character_side,6,True,0.809944176
icicic2026_benchmark_positioning_v1_stable6_main,main,icicic2026_benchmark_positioning_v1,76,anthropic/claude-sonnet-4.5,openrouter,en,T1,character_side,7,True,0.798713548
icicic2026_benchmark_positioning_v1_stable6_main,main,icicic2026_benchmark_positioning_v1,77,anthropic/claude-sonnet-4.5,openrouter,en,T1,character_side,8,True,0.882167034
icicic2026_benchmark_positioning_v1_stable6_main,main,icicic2026_benchmark_positioning_v1,78,anthropic/claude-sonnet-4.5,openrouter,en,T1,character_side,9,True,0.882167034
icicic2026_benchmark_positioning_v1_stable6_main,main,icicic2026_benchmark_positioning_v1,79,anthropic/claude-sonnet-4.5,openrouter,en,T1,character_side,10,True,0.882167034
icicic2026_benchmark_positioning_v1_stable6_main,main,icicic2026_benchmark_positioning_v1,80,anthropic/claude-sonnet-4.5,openrouter,en,T2,reader_side,1,True,0.768276159
icicic2026_benchmark_positioning_v1_stable6_main,main,icicic2026_benchmark_positioning_v1,81,anthropic/claude-sonnet-4.5,openrouter,en,T2,reader_side,2,True,0.765109079
icicic2026_benchmark_positioning_v1_stable6_main,main,icicic2026_benchmark_positioning_v1,82,anthropic/claude-sonnet-4.5,openrouter,en,T2,reader_side,3,True,0.749814916
icicic2026_benchmark_positioning_v1_stable6_main,main,icicic2026_benchmark_positioning_v1,83,anthropic/claude-sonnet-4.5,openrouter,en,T2,reader_side,4,True,0.749814916
icicic2026_benchmark_positioning_v1_stable6_main,main,icicic2026_benchmark_positioning_v1,84,anthropic/claude-sonnet-4.5,openrouter,en,T2,reader_side,5,True,0.768276159
icicic2026_benchmark_positioning_v1_stable6_main,main,icicic2026_benchmark_positioning_v1,85,anthropic/claude-sonnet-4.5,openrouter,en,T2,reader_side,6,True,0.768276159
icicic2026_benchmark_positioning_v1_stable6_main,main,icicic2026_benchmark_positioning_v1,86,anthropic/claude-sonnet-4.5,openrouter,en,T2,reader_side,7,True,0.768276159
icicic2026_benchmark_positioning_v1_stable6_main,main,icicic2026_benchmark_positioning_v1,87,anthropic/claude-sonnet-4.5,openrouter,en,T2,reader_side,8,True,0.768276159
icicic2026_benchmark_positioning_v1_stable6_main,main,icicic2026_benchmark_positioning_v1,88,anthropic/claude-sonnet-4.5,openrouter,en,T2,reader_side,9,True,0.768276159
icicic2026_benchmark_positioning_v1_stable6_main,main,icicic2026_benchmark_positioning_v1,89,anthropic/claude-sonnet-4.5,openrouter,en,T2,reader_side,10,True,0.765109079
icicic2026_benchmark_positioning_v1_stable6_main,main,icicic2026_benchmark_positioning_v1,90,anthropic/claude-sonnet-4.5,openrouter,en,T2,character_side,1,True,0.927804477
icicic2026_benchmark_positioning_v1_stable6_main,main,icicic2026_benchmark_positioning_v1,91,anthropic/claude-sonnet-4.5,openrouter,en,T2,character_side,2,True,0.927804477
icicic2026_benchmark_positioning_v1_stable6_main,main,icicic2026_benchmark_positioning_v1,92,anthropic/claude-sonnet-4.5,openrouter,en,T2,character_side,3,True,0.927996133
icicic2026_benchmark_positioning_v1_stable6_main,main,icicic2026_benchmark_positioning_v1,93,anthropic/claude-sonnet-4.5,openrouter,en,T2,character_side,4,True,0.927804477
icicic2026_benchmark_positioning_v1_stable6_main,main,icicic2026_benchmark_positioning_v1,94,anthropic/claude-sonnet-4.5,openrouter,en,T2,character_side,5,True,0.927804477
icicic2026_benchmark_positioning_v1_stable6_main,main,icicic2026_benchmark_positioning_v1,95,anthropic/claude-sonnet-4.5,openrouter,en,T2,character_side,6,True,0.927996133
icicic2026_benchmark_positioning_v1_stable6_main,main,icicic2026_benchmark_positioning_v1,96,anthropic/claude-sonnet-4.5,openrouter,en,T2,character_side,7,True,0.927804477
icicic2026_benchmark_positioning_v1_stable6_main,main,icicic2026_benchmark_positioning_v1,97,anthropic/claude-sonnet-4.5,openrouter,en,T2,character_side,8,True,0.943181908
icicic2026_benchmark_positioning_v1_stable6_main,main,icicic2026_benchmark_positioning_v1,98,anthropic/claude-sonnet-4.5,openrouter,en,T2,character_side,9,True,0.927804477
icicic2026_benchmark_positioning_v1_stable6_main,main,icicic2026_benchmark_positioning_v1,99,anthropic/claude-sonnet-4.5,openrouter,en,T2,character_side,10,True,0.943181908
icicic2026_benchmark_positioning_v1_stable6_main,main,icicic2026_benchmark_positioning_v1,100,anthropic/claude-sonnet-4.5,openrouter,en,T3,reader_side,1,True,0.996733199
icicic2026_benchmark_positioning_v1_stable6_main,main,icicic2026_benchmark_positioning_v1,101,anthropic/claude-sonnet-4.5,openrouter,en,T3,reader_side,2,True,0.995622565
icicic2026_benchmark_positioning_v1_stable6_main,main,icicic2026_benchmark_positioning_v1,102,anthropic/claude-sonnet-4.5,openrouter,en,T3,reader_side,3,True,0.995622565
icicic2026_benchmark_positioning_v1_stable6_main,main,icicic2026_benchmark_positioning_v1,103,anthropic/claude-sonnet-4.5,openrouter,en,T3,reader_side,4,True,0.995622565
icicic2026_benchmark_positioning_v1_stable6_main,main,icicic2026_benchmark_positioning_v1,104,anthropic/claude-sonnet-4.5,openrouter,en,T3,reader_side,5,True,0.995622565
icicic2026_benchmark_positioning_v1_stable6_main,main,icicic2026_benchmark_positioning_v1,105,anthropic/claude-sonnet-4.5,openrouter,en,T3,reader_side,6,True,0.995622565
icicic2026_benchmark_positioning_v1_stable6_main,main,icicic2026_benchmark_positioning_v1,106,anthropic/claude-sonnet-4.5,openrouter,en,T3,reader_side,7,True,0.996733199
icicic2026_benchmark_positioning_v1_stable6_main,main,icicic2026_benchmark_positioning_v1,107,anthropic/claude-sonnet-4.5,openrouter,en,T3,reader_side,8,True,0.995622565
icicic2026_benchmark_positioning_v1_stable6_main,main,icicic2026_benchmark_positioning_v1,108,anthropic/claude-sonnet-4.5,openrouter,en,T3,reader_side,9,True,0.995622565
icicic2026_benchmark_positioning_v1_stable6_main,main,icicic2026_benchmark_positioning_v1,109,anthropic/claude-sonnet-4.5,openrouter,en,T3,reader_side,10,True,0.995622565
icicic2026_benchmark_positioning_v1_stable6_main,main,icicic2026_benchmark_positioning_v1,110,anthropic/claude-sonnet-4.5,openrouter,en,T3,character_side,1,True,0.83699451
icicic2026_benchmark_positioning_v1_stable6_main,main,icicic2026_benchmark_positioning_v1,111,anthropic/claude-sonnet-4.5,openrouter,en,T3,character_side,2,True,0.83699451
icicic2026_benchmark_positioning_v1_stable6_main,main,icicic2026_benchmark_positioning_v1,112,anthropic/claude-sonnet-4.5,openrouter,en,T3,character_side,3,True,0.782495403
icicic2026_benchmark_positioning_v1_stable6_main,main,icicic2026_benchmark_positioning_v1,113,anthropic/claude-sonnet-4.5,openrouter,en,T3,character_side,4,True,0.83699451
icicic2026_benchmark_positioning_v1_stable6_main,main,icicic2026_benchmark_positioning_v1,114,anthropic/claude-sonnet-4.5,openrouter,en,T3,character_side,5,True,0.83699451
icicic2026_benchmark_positioning_v1_stable6_main,main,icicic2026_benchmark_positioning_v1,115,anthropic/claude-sonnet-4.5,openrouter,en,T3,character_side,6,True,0.83699451
icicic2026_benchmark_positioning_v1_stable6_main,main,icicic2026_benchmark_positioning_v1,116,anthropic/claude-sonnet-4.5,openrouter,en,T3,character_side,7,True,0.83699451
icicic2026_benchmark_positioning_v1_stable6_main,main,icicic2026_benchmark_positioning_v1,117,anthropic/claude-sonnet-4.5,openrouter,en,T3,character_side,8,True,0.782495403
icicic2026_benchmark_positioning_v1_stable6_main,main,icicic2026_benchmark_positioning_v1,118,anthropic/claude-sonnet-4.5,openrouter,en,T3,character_side,9,True,0.83699451
icicic2026_benchmark_positioning_v1_stable6_main,main,icicic2026_benchmark_positioning_v1,119,anthropic/claude-sonnet-4.5,openrouter,en,T3,character_side,10,True,0.83699451
icicic2026_benchmark_positioning_v1_stable6_main,main,icicic2026_benchmark_positioning_v1,120,google/gemini-2.5-pro,openrouter,en,T1,reader_side,1,True,0.49553803
icicic2026_benchmark_positioning_v1_stable6_main,main,icicic2026_benchmark_positioning_v1,121,google/gemini-2.5-pro,openrouter,en,T1,reader_side,2,True,0.496133319
icicic2026_benchmark_positioning_v1_stable6_main,main,icicic2026_benchmark_positioning_v1,122,google/gemini-2.5-pro,openrouter,en,T1,reader_side,3,True,0.492614068
icicic2026_benchmark_positioning_v1_stable6_main,main,icicic2026_benchmark_positioning_v1,123,google/gemini-2.5-pro,openrouter,en,T1,reader_side,4,True,0.493846254
icicic2026_benchmark_positioning_v1_stable6_main,main,icicic2026_benchmark_positioning_v1,124,google/gemini-2.5-pro,openrouter,en,T1,reader_side,5,True,0.49553803
icicic2026_benchmark_positioning_v1_stable6_main,main,icicic2026_benchmark_positioning_v1,125,google/gemini-2.5-pro,openrouter,en,T1,reader_side,6,True,0.49553803
icicic2026_benchmark_positioning_v1_stable6_main,main,icicic2026_benchmark_positioning_v1,126,google/gemini-2.5-pro,openrouter,en,T1,reader_side,7,True,0.49553803
icicic2026_benchmark_positioning_v1_stable6_main,main,icicic2026_benchmark_positioning_v1,127,google/gemini-2.5-pro,openrouter,en,T1,reader_side,8,True,0.49553803
icicic2026_benchmark_positioning_v1_stable6_main,main,icicic2026_benchmark_positioning_v1,128,google/gemini-2.5-pro,openrouter,en,T1,reader_side,9,True,0.485475297
icicic2026_benchmark_positioning_v1_stable6_main,main,icicic2026_benchmark_positioning_v1,129,google/gemini-2.5-pro,openrouter,en,T1,reader_side,10,True,0.636452798
icicic2026_benchmark_positioning_v1_stable6_main,main,icicic2026_benchmark_positioning_v1,130,google/gemini-2.5-pro,openrouter,en,T1,character_side,1,True,0.612197223
icicic2026_benchmark_positioning_v1_stable6_main,main,icicic2026_benchmark_positioning_v1,131,google/gemini-2.5-pro,openrouter,en,T1,character_side,2,True,0.459147917
icicic2026_benchmark_positioning_v1_stable6_main,main,icicic2026_benchmark_positioning_v1,132,google/gemini-2.5-pro,openrouter,en,T1,character_side,3,True,0.612197223
icicic2026_benchmark_positioning_v1_stable6_main,main,icicic2026_benchmark_positioning_v1,133,google/gemini-2.5-pro,openrouter,en,T1,character_side,4,True,0.689391747
icicic2026_benchmark_positioning_v1_stable6_main,main,icicic2026_benchmark_positioning_v1,134,google/gemini-2.5-pro,openrouter,en,T1,character_side,5,True,0.856798576
icicic2026_benchmark_positioning_v1_stable6_main,main,icicic2026_benchmark_positioning_v1,135,google/gemini-2.5-pro,openrouter,en,T1,character_side,6,True,0.959147917
icicic2026_benchmark_positioning_v1_stable6_main,main,icicic2026_benchmark_positioning_v1,136,google/gemini-2.5-pro,openrouter,en,T1,character_side,7,True,0.959147917
icicic2026_benchmark_positioning_v1_stable6_main,main,icicic2026_benchmark_positioning_v1,137,google/gemini-2.5-pro,openrouter,en,T1,character_side,8,True,0.612197223
icicic2026_benchmark_positioning_v1_stable6_main,main,icicic2026_benchmark_positioning_v1,138,google/gemini-2.5-pro,openrouter,en,T1,character_side,9,True,0.729573959
icicic2026_benchmark_positioning_v1_stable6_main,main,icicic2026_benchmark_positioning_v1,139,google/gemini-2.5-pro,openrouter,en,T1,character_side,10,True,0.689391747
icicic2026_benchmark_positioning_v1_stable6_main,main,icicic2026_benchmark_positioning_v1,140,google/gemini-2.5-pro,openrouter,en,T2,reader_side,1,True,0.49973651
icicic2026_benchmark_positioning_v1_stable6_main,main,icicic2026_benchmark_positioning_v1,141,google/gemini-2.5-pro,openrouter,en,T2,reader_side,2,True,0.49973651
icicic2026_benchmark_positioning_v1_stable6_main,main,icicic2026_benchmark_positioning_v1,142,google/gemini-2.5-pro,openrouter,en,T2,reader_side,3,True,0.49973651
icicic2026_benchmark_positioning_v1_stable6_main,main,icicic2026_benchmark_positioning_v1,143,google/gemini-2.5-pro,openrouter,en,T2,reader_side,4,True,0.49973651
icicic2026_benchmark_positioning_v1_stable6_main,main,icicic2026_benchmark_positioning_v1,144,google/gemini-2.5-pro,openrouter,en,T2,reader_side,5,True,0.49973651
icicic2026_benchmark_positioning_v1_stable6_main,main,icicic2026_benchmark_positioning_v1,145,google/gemini-2.5-pro,openrouter,en,T2,reader_side,6,True,0.49973651
icicic2026_benchmark_positioning_v1_stable6_main,main,icicic2026_benchmark_positioning_v1,146,google/gemini-2.5-pro,openrouter,en,T2,reader_side,7,True,0.49973651
icicic2026_benchmark_positioning_v1_stable6_main,main,icicic2026_benchmark_positioning_v1,147,google/gemini-2.5-pro,openrouter,en,T2,reader_side,8,True,0.49973651
icicic2026_benchmark_positioning_v1_stable6_main,main,icicic2026_benchmark_positioning_v1,148,google/gemini-2.5-pro,openrouter,en,T2,reader_side,9,True,0.620018125
icicic2026_benchmark_positioning_v1_stable6_main,main,icicic2026_benchmark_positioning_v1,149,google/gemini-2.5-pro,openrouter,en,T2,reader_side,10,True,0.617248898
icicic2026_benchmark_positioning_v1_stable6_main,main,icicic2026_benchmark_positioning_v1,150,google/gemini-2.5-pro,openrouter,en,T2,character_side,1,True,0.948159818
icicic2026_benchmark_positioning_v1_stable6_main,main,icicic2026_benchmark_positioning_v1,151,google/gemini-2.5-pro,openrouter,en,T2,character_side,2,True,0.918161695
icicic2026_benchmark_positioning_v1_stable6_main,main,icicic2026_benchmark_positioning_v1,152,google/gemini-2.5-pro,openrouter,en,T2,character_side,3,True,0.919771291
icicic2026_benchmark_positioning_v1_stable6_main,main,icicic2026_benchmark_positioning_v1,153,google/gemini-2.5-pro,openrouter,en,T2,character_side,4,True,0.968466206
icicic2026_benchmark_positioning_v1_stable6_main,main,icicic2026_benchmark_positioning_v1,154,google/gemini-2.5-pro,openrouter,en,T2,character_side,5,True,0.791738741
icicic2026_benchmark_positioning_v1_stable6_main,main,icicic2026_benchmark_positioning_v1,155,google/gemini-2.5-pro,openrouter,en,T2,character_side,6,True,0.782670108
icicic2026_benchmark_positioning_v1_stable6_main,main,icicic2026_benchmark_positioning_v1,156,google/gemini-2.5-pro,openrouter,en,T2,character_side,7,True,0.91846893
icicic2026_benchmark_positioning_v1_stable6_main,main,icicic2026_benchmark_positioning_v1,157,google/gemini-2.5-pro,openrouter,en,T2,character_side,8,True,0.790628599
icicic2026_benchmark_positioning_v1_stable6_main,main,icicic2026_benchmark_positioning_v1,158,google/gemini-2.5-pro,openrouter,en,T2,character_side,9,True,0.919771291
icicic2026_benchmark_positioning_v1_stable6_main,main,icicic2026_benchmark_positioning_v1,159,google/gemini-2.5-pro,openrouter,en,T2,character_side,10,True,0.919771291
icicic2026_benchmark_positioning_v1_stable6_main,main,icicic2026_benchmark_positioning_v1,160,google/gemini-2.5-pro,openrouter,en,T3,reader_side,1,True,0.956744842
icicic2026_benchmark_positioning_v1_stable6_main,main,icicic2026_benchmark_positioning_v1,161,google/gemini-2.5-pro,openrouter,en,T3,reader_side,2,True,0.975654898
icicic2026_benchmark_positioning_v1_stable6_main,main,icicic2026_benchmark_positioning_v1,162,google/gemini-2.5-pro,openrouter,en,T3,reader_side,3,True,0.978017212
icicic2026_benchmark_positioning_v1_stable6_main,main,icicic2026_benchmark_positioning_v1,163,google/gemini-2.5-pro,openrouter,en,T3,reader_side,4,True,0.975654898
icicic2026_benchmark_positioning_v1_stable6_main,main,icicic2026_benchmark_positioning_v1,164,google/gemini-2.5-pro,openrouter,en,T3,reader_side,5,True,0.97531925
icicic2026_benchmark_positioning_v1_stable6_main,main,icicic2026_benchmark_positioning_v1,165,google/gemini-2.5-pro,openrouter,en,T3,reader_side,6,True,0.975654898
icicic2026_benchmark_positioning_v1_stable6_main,main,icicic2026_benchmark_positioning_v1,166,google/gemini-2.5-pro,openrouter,en,T3,reader_side,7,True,0.974164309
icicic2026_benchmark_positioning_v1_stable6_main,main,icicic2026_benchmark_positioning_v1,167,google/gemini-2.5-pro,openrouter,en,T3,reader_side,8,True,0.97531925
icicic2026_benchmark_positioning_v1_stable6_main,main,icicic2026_benchmark_positioning_v1,168,google/gemini-2.5-pro,openrouter,en,T3,reader_side,9,True,0.978051474
icicic2026_benchmark_positioning_v1_stable6_main,main,icicic2026_benchmark_positioning_v1,169,google/gemini-2.5-pro,openrouter,en,T3,reader_side,10,True,0.97531925
icicic2026_benchmark_positioning_v1_stable6_main,main,icicic2026_benchmark_positioning_v1,170,google/gemini-2.5-pro,openrouter,en,T3,character_side,1,True,0.803125875
icicic2026_benchmark_positioning_v1_stable6_main,main,icicic2026_benchmark_positioning_v1,171,google/gemini-2.5-pro,openrouter,en,T3,character_side,2,True,0.967361054
icicic2026_benchmark_positioning_v1_stable6_main,main,icicic2026_benchmark_positioning_v1,172,google/gemini-2.5-pro,openrouter,en,T3,character_side,3,True,0.910508682
icicic2026_benchmark_positioning_v1_stable6_main,main,icicic2026_benchmark_positioning_v1,173,google/gemini-2.5-pro,openrouter,en,T3,character_side,4,True,0.629114818
icicic2026_benchmark_positioning_v1_stable6_main,main,icicic2026_benchmark_positioning_v1,174,google/gemini-2.5-pro,openrouter,en,T3,character_side,5,True,0.918908079
icicic2026_benchmark_positioning_v1_stable6_main,main,icicic2026_benchmark_positioning_v1,175,google/gemini-2.5-pro,openrouter,en,T3,character_side,6,True,0.907183567
icicic2026_benchmark_positioning_v1_stable6_main,main,icicic2026_benchmark_positioning_v1,176,google/gemini-2.5-pro,openrouter,en,T3,character_side,7,True,0.692741976
icicic2026_benchmark_positioning_v1_stable6_main,main,icicic2026_benchmark_positioning_v1,177,google/gemini-2.5-pro,openrouter,en,T3,character_side,8,True,0.803125875
icicic2026_benchmark_positioning_v1_stable6_main,main,icicic2026_benchmark_positioning_v1,178,google/gemini-2.5-pro,openrouter,en,T3,character_side,9,True,0.921146095
icicic2026_benchmark_positioning_v1_stable6_main,main,icicic2026_benchmark_positioning_v1,179,google/gemini-2.5-pro,openrouter,en,T3,character_side,10,True,0.924636368
icicic2026_benchmark_positioning_v1_stable6_main,main,icicic2026_benchmark_positioning_v1,180,x-ai/grok-4.20,openrouter,en,T1,reader_side,1,True,0.850787562
icicic2026_benchmark_positioning_v1_stable6_main,main,icicic2026_benchmark_positioning_v1,181,x-ai/grok-4.20,openrouter,en,T1,reader_side,2,True,0.856623151
icicic2026_benchmark_positioning_v1_stable6_main,main,icicic2026_benchmark_positioning_v1,182,x-ai/grok-4.20,openrouter,en,T1,reader_side,3,True,0.887784828
icicic2026_benchmark_positioning_v1_stable6_main,main,icicic2026_benchmark_positioning_v1,183,x-ai/grok-4.20,openrouter,en,T1,reader_side,4,True,0.850787562
icicic2026_benchmark_positioning_v1_stable6_main,main,icicic2026_benchmark_positioning_v1,184,x-ai/grok-4.20,openrouter,en,T1,reader_side,5,True,0.881705387
icicic2026_benchmark_positioning_v1_stable6_main,main,icicic2026_benchmark_positioning_v1,185,x-ai/grok-4.20,openrouter,en,T1,reader_side,6,True,0.887784828
icicic2026_benchmark_positioning_v1_stable6_main,main,icicic2026_benchmark_positioning_v1,186,x-ai/grok-4.20,openrouter,en,T1,reader_side,7,True,0.887784828
icicic2026_benchmark_positioning_v1_stable6_main,main,icicic2026_benchmark_positioning_v1,187,x-ai/grok-4.20,openrouter,en,T1,reader_side,8,True,0.887784828
icicic2026_benchmark_positioning_v1_stable6_main,main,icicic2026_benchmark_positioning_v1,188,x-ai/grok-4.20,openrouter,en,T1,reader_side,9,True,0.881705387
icicic2026_benchmark_positioning_v1_stable6_main,main,icicic2026_benchmark_positioning_v1,189,x-ai/grok-4.20,openrouter,en,T1,reader_side,10,True,0.887784828
icicic2026_benchmark_positioning_v1_stable6_main,main,icicic2026_benchmark_positioning_v1,190,x-ai/grok-4.20,openrouter,en,T1,character_side,1,True,0.904152421
icicic2026_benchmark_positioning_v1_stable6_main,main,icicic2026_benchmark_positioning_v1,191,x-ai/grok-4.20,openrouter,en,T1,character_side,2,True,0.930948492
icicic2026_benchmark_positioning_v1_stable6_main,main,icicic2026_benchmark_positioning_v1,192,x-ai/grok-4.20,openrouter,en,T1,character_side,3,True,0.920625085
icicic2026_benchmark_positioning_v1_stable6_main,main,icicic2026_benchmark_positioning_v1,193,x-ai/grok-4.20,openrouter,en,T1,character_side,4,True,0.930948492
icicic2026_benchmark_positioning_v1_stable6_main,main,icicic2026_benchmark_positioning_v1,194,x-ai/grok-4.20,openrouter,en,T1,character_side,5,True,0.920625085
icicic2026_benchmark_positioning_v1_stable6_main,main,icicic2026_benchmark_positioning_v1,195,x-ai/grok-4.20,openrouter,en,T1,character_side,6,True,0.920625085
icicic2026_benchmark_positioning_v1_stable6_main,main,icicic2026_benchmark_positioning_v1,196,x-ai/grok-4.20,openrouter,en,T1,character_side,7,True,0.930948492
icicic2026_benchmark_positioning_v1_stable6_main,main,icicic2026_benchmark_positioning_v1,197,x-ai/grok-4.20,openrouter,en,T1,character_side,8,True,0.930948492
icicic2026_benchmark_positioning_v1_stable6_main,main,icicic2026_benchmark_positioning_v1,198,x-ai/grok-4.20,openrouter,en,T1,character_side,9,True,0.916639382
icicic2026_benchmark_positioning_v1_stable6_main,main,icicic2026_benchmark_positioning_v1,199,x-ai/grok-4.20,openrouter,en,T1,character_side,10,True,0.930948492
icicic2026_benchmark_positioning_v1_stable6_main,main,icicic2026_benchmark_positioning_v1,200,x-ai/grok-4.20,openrouter,en,T2,reader_side,1,True,0.89463439
icicic2026_benchmark_positioning_v1_stable6_main,main,icicic2026_benchmark_positioning_v1,201,x-ai/grok-4.20,openrouter,en,T2,reader_side,2,True,0.904040964
icicic2026_benchmark_positioning_v1_stable6_main,main,icicic2026_benchmark_positioning_v1,202,x-ai/grok-4.20,openrouter,en,T2,reader_side,3,True,0.89463439
icicic2026_benchmark_positioning_v1_stable6_main,main,icicic2026_benchmark_positioning_v1,203,x-ai/grok-4.20,openrouter,en,T2,reader_side,4,True,0.904040964
icicic2026_benchmark_positioning_v1_stable6_main,main,icicic2026_benchmark_positioning_v1,204,x-ai/grok-4.20,openrouter,en,T2,reader_side,5,True,0.913999038
icicic2026_benchmark_positioning_v1_stable6_main,main,icicic2026_benchmark_positioning_v1,205,x-ai/grok-4.20,openrouter,en,T2,reader_side,6,True,0.89463439
icicic2026_benchmark_positioning_v1_stable6_main,main,icicic2026_benchmark_positioning_v1,206,x-ai/grok-4.20,openrouter,en,T2,reader_side,7,True,0.89463439
icicic2026_benchmark_positioning_v1_stable6_main,main,icicic2026_benchmark_positioning_v1,207,x-ai/grok-4.20,openrouter,en,T2,reader_side,8,True,0.904040964
icicic2026_benchmark_positioning_v1_stable6_main,main,icicic2026_benchmark_positioning_v1,208,x-ai/grok-4.20,openrouter,en,T2,reader_side,9,True,0.913999038
icicic2026_benchmark_positioning_v1_stable6_main,main,icicic2026_benchmark_positioning_v1,209,x-ai/grok-4.20,openrouter,en,T2,reader_side,10,True,0.904040964
icicic2026_benchmark_positioning_v1_stable6_main,main,icicic2026_benchmark_positioning_v1,210,x-ai/grok-4.20,openrouter,en,T2,character_side,1,True,0.913250549
icicic2026_benchmark_positioning_v1_stable6_main,main,icicic2026_benchmark_positioning_v1,211,x-ai/grok-4.20,openrouter,en,T2,character_side,2,True,0.882347343
icicic2026_benchmark_positioning_v1_stable6_main,main,icicic2026_benchmark_positioning_v1,212,x-ai/grok-4.20,openrouter,en,T2,character_side,3,True,0.905190596
icicic2026_benchmark_positioning_v1_stable6_main,main,icicic2026_benchmark_positioning_v1,213,x-ai/grok-4.20,openrouter,en,T2,character_side,4,True,0.89463439
icicic2026_benchmark_positioning_v1_stable6_main,main,icicic2026_benchmark_positioning_v1,214,x-ai/grok-4.20,openrouter,en,T2,character_side,5,True,0.905190596
icicic2026_benchmark_positioning_v1_stable6_main,main,icicic2026_benchmark_positioning_v1,215,x-ai/grok-4.20,openrouter,en,T2,character_side,6,True,0.913250549
icicic2026_benchmark_positioning_v1_stable6_main,main,icicic2026_benchmark_positioning_v1,216,x-ai/grok-4.20,openrouter,en,T2,character_side,7,True,0.89463439
icicic2026_benchmark_positioning_v1_stable6_main,main,icicic2026_benchmark_positioning_v1,217,x-ai/grok-4.20,openrouter,en,T2,character_side,8,True,0.905190596
icicic2026_benchmark_positioning_v1_stable6_main,main,icicic2026_benchmark_positioning_v1,218,x-ai/grok-4.20,openrouter,en,T2,character_side,9,True,0.89463439
icicic2026_benchmark_positioning_v1_stable6_main,main,icicic2026_benchmark_positioning_v1,219,x-ai/grok-4.20,openrouter,en,T2,character_side,10,True,0.905190596
icicic2026_benchmark_positioning_v1_stable6_main,main,icicic2026_benchmark_positioning_v1,220,x-ai/grok-4.20,openrouter,en,T3,reader_side,1,True,0.990148063
icicic2026_benchmark_positioning_v1_stable6_main,main,icicic2026_benchmark_positioning_v1,221,x-ai/grok-4.20,openrouter,en,T3,reader_side,2,True,0.990148063
icicic2026_benchmark_positioning_v1_stable6_main,main,icicic2026_benchmark_positioning_v1,222,x-ai/grok-4.20,openrouter,en,T3,reader_side,3,True,0.990148063
icicic2026_benchmark_positioning_v1_stable6_main,main,icicic2026_benchmark_positioning_v1,223,x-ai/grok-4.20,openrouter,en,T3,reader_side,4,True,0.990148063
icicic2026_benchmark_positioning_v1_stable6_main,main,icicic2026_benchmark_positioning_v1,224,x-ai/grok-4.20,openrouter,en,T3,reader_side,5,True,0.990148063
icicic2026_benchmark_positioning_v1_stable6_main,main,icicic2026_benchmark_positioning_v1,225,x-ai/grok-4.20,openrouter,en,T3,reader_side,6,True,0.990148063
icicic2026_benchmark_positioning_v1_stable6_main,main,icicic2026_benchmark_positioning_v1,226,x-ai/grok-4.20,openrouter,en,T3,reader_side,7,True,0.990148063
icicic2026_benchmark_positioning_v1_stable6_main,main,icicic2026_benchmark_positioning_v1,227,x-ai/grok-4.20,openrouter,en,T3,reader_side,8,True,0.990148063
icicic2026_benchmark_positioning_v1_stable6_main,main,icicic2026_benchmark_positioning_v1,228,x-ai/grok-4.20,openrouter,en,T3,reader_side,9,True,0.990148063
icicic2026_benchmark_positioning_v1_stable6_main,main,icicic2026_benchmark_positioning_v1,229,x-ai/grok-4.20,openrouter,en,T3,reader_side,10,True,0.990148063
icicic2026_benchmark_positioning_v1_stable6_main,main,icicic2026_benchmark_positioning_v1,230,x-ai/grok-4.20,openrouter,en,T3,character_side,1,True,0.993532334
icicic2026_benchmark_positioning_v1_stable6_main,main,icicic2026_benchmark_positioning_v1,231,x-ai/grok-4.20,openrouter,en,T3,character_side,2,True,0.993532334
icicic2026_benchmark_positioning_v1_stable6_main,main,icicic2026_benchmark_positioning_v1,232,x-ai/grok-4.20,openrouter,en,T3,character_side,3,True,0.993721179
icicic2026_benchmark_positioning_v1_stable6_main,main,icicic2026_benchmark_positioning_v1,233,x-ai/grok-4.20,openrouter,en,T3,character_side,4,True,0.995209013
icicic2026_benchmark_positioning_v1_stable6_main,main,icicic2026_benchmark_positioning_v1,234,x-ai/grok-4.20,openrouter,en,T3,character_side,5,True,0.993532334
icicic2026_benchmark_positioning_v1_stable6_main,main,icicic2026_benchmark_positioning_v1,235,x-ai/grok-4.20,openrouter,en,T3,character_side,6,True,0.993532334
icicic2026_benchmark_positioning_v1_stable6_main,main,icicic2026_benchmark_positioning_v1,236,x-ai/grok-4.20,openrouter,en,T3,character_side,7,True,0.993532334
icicic2026_benchmark_positioning_v1_stable6_main,main,icicic2026_benchmark_positioning_v1,237,x-ai/grok-4.20,openrouter,en,T3,character_side,8,True,0.993532334
icicic2026_benchmark_positioning_v1_stable6_main,main,icicic2026_benchmark_positioning_v1,238,x-ai/grok-4.20,openrouter,en,T3,character_side,9,True,0.985015401
icicic2026_benchmark_positioning_v1_stable6_main,main,icicic2026_benchmark_positioning_v1,239,x-ai/grok-4.20,openrouter,en,T3,character_side,10,True,0.993532334
icicic2026_benchmark_positioning_v1_stable6_main,main,icicic2026_benchmark_positioning_v1,240,deepseek/deepseek-v3.2,openrouter,en,T1,reader_side,1,True,0.735868717
icicic2026_benchmark_positioning_v1_stable6_main,main,icicic2026_benchmark_positioning_v1,241,deepseek/deepseek-v3.2,openrouter,en,T1,reader_side,2,True,0.557760047
icicic2026_benchmark_positioning_v1_stable6_main,main,icicic2026_benchmark_positioning_v1,242,deepseek/deepseek-v3.2,openrouter,en,T1,reader_side,3,True,0.571577939
icicic2026_benchmark_positioning_v1_stable6_main,main,icicic2026_benchmark_positioning_v1,243,deepseek/deepseek-v3.2,openrouter,en,T1,reader_side,4,True,0.571577939
icicic2026_benchmark_positioning_v1_stable6_main,main,icicic2026_benchmark_positioning_v1,244,deepseek/deepseek-v3.2,openrouter,en,T1,reader_side,5,True,0.489007778
icicic2026_benchmark_positioning_v1_stable6_main,main,icicic2026_benchmark_positioning_v1,245,deepseek/deepseek-v3.2,openrouter,en,T1,reader_side,6,True,0.581281654
icicic2026_benchmark_positioning_v1_stable6_main,main,icicic2026_benchmark_positioning_v1,246,deepseek/deepseek-v3.2,openrouter,en,T1,reader_side,7,True,0.49553803
icicic2026_benchmark_positioning_v1_stable6_main,main,icicic2026_benchmark_positioning_v1,247,deepseek/deepseek-v3.2,openrouter,en,T1,reader_side,8,True,0.589178855
icicic2026_benchmark_positioning_v1_stable6_main,main,icicic2026_benchmark_positioning_v1,248,deepseek/deepseek-v3.2,openrouter,en,T1,reader_side,9,True,0.588982658
icicic2026_benchmark_positioning_v1_stable6_main,main,icicic2026_benchmark_positioning_v1,249,deepseek/deepseek-v3.2,openrouter,en,T1,reader_side,10,True,0.578389825
icicic2026_benchmark_positioning_v1_stable6_main,main,icicic2026_benchmark_positioning_v1,250,deepseek/deepseek-v3.2,openrouter,en,T1,character_side,1,True,0.722373502
icicic2026_benchmark_positioning_v1_stable6_main,main,icicic2026_benchmark_positioning_v1,251,deepseek/deepseek-v3.2,openrouter,en,T1,character_side,2,True,0.647918195
icicic2026_benchmark_positioning_v1_stable6_main,main,icicic2026_benchmark_positioning_v1,252,deepseek/deepseek-v3.2,openrouter,en,T1,character_side,3,True,0.803046109
icicic2026_benchmark_positioning_v1_stable6_main,main,icicic2026_benchmark_positioning_v1,253,deepseek/deepseek-v3.2,openrouter,en,T1,character_side,4,True,0.761327245
icicic2026_benchmark_positioning_v1_stable6_main,main,icicic2026_benchmark_positioning_v1,254,deepseek/deepseek-v3.2,openrouter,en,T1,character_side,5,True,0.466055784
icicic2026_benchmark_positioning_v1_stable6_main,main,icicic2026_benchmark_positioning_v1,255,deepseek/deepseek-v3.2,openrouter,en,T1,character_side,6,True,0.752620407
icicic2026_benchmark_positioning_v1_stable6_main,main,icicic2026_benchmark_positioning_v1,256,deepseek/deepseek-v3.2,openrouter,en,T1,character_side,7,True,0.49553803
icicic2026_benchmark_positioning_v1_stable6_main,main,icicic2026_benchmark_positioning_v1,257,deepseek/deepseek-v3.2,openrouter,en,T1,character_side,8,True,0.49553803
icicic2026_benchmark_positioning_v1_stable6_main,main,icicic2026_benchmark_positioning_v1,258,deepseek/deepseek-v3.2,openrouter,en,T1,character_side,9,True,0.710777084
icicic2026_benchmark_positioning_v1_stable6_main,main,icicic2026_benchmark_positioning_v1,259,deepseek/deepseek-v3.2,openrouter,en,T1,character_side,10,True,0.74861216
icicic2026_benchmark_positioning_v1_stable6_main,main,icicic2026_benchmark_positioning_v1,260,deepseek/deepseek-v3.2,openrouter,en,T2,reader_side,1,True,0.695733252
icicic2026_benchmark_positioning_v1_stable6_main,main,icicic2026_benchmark_positioning_v1,261,deepseek/deepseek-v3.2,openrouter,en,T2,reader_side,2,True,0.695733252
icicic2026_benchmark_positioning_v1_stable6_main,main,icicic2026_benchmark_positioning_v1,262,deepseek/deepseek-v3.2,openrouter,en,T2,reader_side,3,True,0.577385857
icicic2026_benchmark_positioning_v1_stable6_main,main,icicic2026_benchmark_positioning_v1,263,deepseek/deepseek-v3.2,openrouter,en,T2,reader_side,4,True,0.695733252
icicic2026_benchmark_positioning_v1_stable6_main,main,icicic2026_benchmark_positioning_v1,264,deepseek/deepseek-v3.2,openrouter,en,T2,reader_side,5,True,0.577385857
icicic2026_benchmark_positioning_v1_stable6_main,main,icicic2026_benchmark_positioning_v1,265,deepseek/deepseek-v3.2,openrouter,en,T2,reader_side,6,True,0.769708975
icicic2026_benchmark_positioning_v1_stable6_main,main,icicic2026_benchmark_positioning_v1,266,deepseek/deepseek-v3.2,openrouter,en,T2,reader_side,7,True,0.769708975
icicic2026_benchmark_positioning_v1_stable6_main,main,icicic2026_benchmark_positioning_v1,267,deepseek/deepseek-v3.2,openrouter,en,T2,reader_side,8,True,0.769708975
icicic2026_benchmark_positioning_v1_stable6_main,main,icicic2026_benchmark_positioning_v1,268,deepseek/deepseek-v3.2,openrouter,en,T2,reader_side,9,True,0.695733252
icicic2026_benchmark_positioning_v1_stable6_main,main,icicic2026_benchmark_positioning_v1,269,deepseek/deepseek-v3.2,openrouter,en,T2,reader_side,10,True,0.695733252
icicic2026_benchmark_positioning_v1_stable6_main,main,icicic2026_benchmark_positioning_v1,270,deepseek/deepseek-v3.2,openrouter,en,T2,character_side,1,True,0.787557296
icicic2026_benchmark_positioning_v1_stable6_main,main,icicic2026_benchmark_positioning_v1,271,deepseek/deepseek-v3.2,openrouter,en,T2,character_side,2,True,0.828768501
icicic2026_benchmark_positioning_v1_stable6_main,main,icicic2026_benchmark_positioning_v1,272,deepseek/deepseek-v3.2,openrouter,en,T2,character_side,3,True,0.970405645
icicic2026_benchmark_positioning_v1_stable6_main,main,icicic2026_benchmark_positioning_v1,273,deepseek/deepseek-v3.2,openrouter,en,T2,character_side,4,True,0.790115803
icicic2026_benchmark_positioning_v1_stable6_main,main,icicic2026_benchmark_positioning_v1,274,deepseek/deepseek-v3.2,openrouter,en,T2,character_side,5,True,0.754145068
icicic2026_benchmark_positioning_v1_stable6_main,main,icicic2026_benchmark_positioning_v1,275,deepseek/deepseek-v3.2,openrouter,en,T2,character_side,6,True,0.919771291
icicic2026_benchmark_positioning_v1_stable6_main,main,icicic2026_benchmark_positioning_v1,276,deepseek/deepseek-v3.2,openrouter,en,T2,character_side,7,True,0.789775572
icicic2026_benchmark_positioning_v1_stable6_main,main,icicic2026_benchmark_positioning_v1,277,deepseek/deepseek-v3.2,openrouter,en,T2,character_side,8,True,0.876913777
icicic2026_benchmark_positioning_v1_stable6_main,main,icicic2026_benchmark_positioning_v1,278,deepseek/deepseek-v3.2,openrouter,en,T2,character_side,9,True,0.850976345
icicic2026_benchmark_positioning_v1_stable6_main,main,icicic2026_benchmark_positioning_v1,279,deepseek/deepseek-v3.2,openrouter,en,T2,character_side,10,True,0.850976345
icicic2026_benchmark_positioning_v1_stable6_main,main,icicic2026_benchmark_positioning_v1,280,deepseek/deepseek-v3.2,openrouter,en,T3,reader_side,1,True,0.992486013
icicic2026_benchmark_positioning_v1_stable6_main,main,icicic2026_benchmark_positioning_v1,281,deepseek/deepseek-v3.2,openrouter,en,T3,reader_side,2,True,0.976224152
icicic2026_benchmark_positioning_v1_stable6_main,main,icicic2026_benchmark_positioning_v1,282,deepseek/deepseek-v3.2,openrouter,en,T3,reader_side,3,True,0.976224152
icicic2026_benchmark_positioning_v1_stable6_main,main,icicic2026_benchmark_positioning_v1,283,deepseek/deepseek-v3.2,openrouter,en,T3,reader_side,4,True,0.975336326
icicic2026_benchmark_positioning_v1_stable6_main,main,icicic2026_benchmark_positioning_v1,284,deepseek/deepseek-v3.2,openrouter,en,T3,reader_side,5,True,0.955342896
icicic2026_benchmark_positioning_v1_stable6_main,main,icicic2026_benchmark_positioning_v1,285,deepseek/deepseek-v3.2,openrouter,en,T3,reader_side,6,True,0.976224152
icicic2026_benchmark_positioning_v1_stable6_main,main,icicic2026_benchmark_positioning_v1,286,deepseek/deepseek-v3.2,openrouter,en,T3,reader_side,7,True,0.993721179
icicic2026_benchmark_positioning_v1_stable6_main,main,icicic2026_benchmark_positioning_v1,287,deepseek/deepseek-v3.2,openrouter,en,T3,reader_side,8,True,0.976224152
icicic2026_benchmark_positioning_v1_stable6_main,main,icicic2026_benchmark_positioning_v1,288,deepseek/deepseek-v3.2,openrouter,en,T3,reader_side,9,True,0.976224152
icicic2026_benchmark_positioning_v1_stable6_main,main,icicic2026_benchmark_positioning_v1,289,deepseek/deepseek-v3.2,openrouter,en,T3,reader_side,10,True,0.993721179
icicic2026_benchmark_positioning_v1_stable6_main,main,icicic2026_benchmark_positioning_v1,290,deepseek/deepseek-v3.2,openrouter,en,T3,character_side,1,True,0.861751244
icicic2026_benchmark_positioning_v1_stable6_main,main,icicic2026_benchmark_positioning_v1,291,deepseek/deepseek-v3.2,openrouter,en,T3,character_side,2,True,0.889351973
icicic2026_benchmark_positioning_v1_stable6_main,main,icicic2026_benchmark_positioning_v1,292,deepseek/deepseek-v3.2,openrouter,en,T3,character_side,3,True,0.768436984
icicic2026_benchmark_positioning_v1_stable6_main,main,icicic2026_benchmark_positioning_v1,293,deepseek/deepseek-v3.2,openrouter,en,T3,character_side,4,True,0.955732572
icicic2026_benchmark_positioning_v1_stable6_main,main,icicic2026_benchmark_positioning_v1,294,deepseek/deepseek-v3.2,openrouter,en,T3,character_side,5,True,0.926754404
icicic2026_benchmark_positioning_v1_stable6_main,main,icicic2026_benchmark_positioning_v1,295,deepseek/deepseek-v3.2,openrouter,en,T3,character_side,6,True,0.95692206
icicic2026_benchmark_positioning_v1_stable6_main,main,icicic2026_benchmark_positioning_v1,296,deepseek/deepseek-v3.2,openrouter,en,T3,character_side,7,True,0.878080915
icicic2026_benchmark_positioning_v1_stable6_main,main,icicic2026_benchmark_positioning_v1,297,deepseek/deepseek-v3.2,openrouter,en,T3,character_side,8,True,0.903295979
icicic2026_benchmark_positioning_v1_stable6_main,main,icicic2026_benchmark_positioning_v1,298,deepseek/deepseek-v3.2,openrouter,en,T3,character_side,9,True,0.944366379
icicic2026_benchmark_positioning_v1_stable6_main,main,icicic2026_benchmark_positioning_v1,299,deepseek/deepseek-v3.2,openrouter,en,T3,character_side,10,True,0.881377801
icicic2026_benchmark_positioning_v1_stable6_main,main,icicic2026_benchmark_positioning_v1,300,meta-llama/llama-4-maverick,openrouter,en,T1,reader_side,1,True,0.900804749
icicic2026_benchmark_positioning_v1_stable6_main,main,icicic2026_benchmark_positioning_v1,301,meta-llama/llama-4-maverick,openrouter,en,T1,reader_side,2,True,0.900804749
icicic2026_benchmark_positioning_v1_stable6_main,main,icicic2026_benchmark_positioning_v1,302,meta-llama/llama-4-maverick,openrouter,en,T1,reader_side,3,True,0.900804749
icicic2026_benchmark_positioning_v1_stable6_main,main,icicic2026_benchmark_positioning_v1,303,meta-llama/llama-4-maverick,openrouter,en,T1,reader_side,4,True,0.900804749
icicic2026_benchmark_positioning_v1_stable6_main,main,icicic2026_benchmark_positioning_v1,304,meta-llama/llama-4-maverick,openrouter,en,T1,reader_side,5,True,0.900804749
icicic2026_benchmark_positioning_v1_stable6_main,main,icicic2026_benchmark_positioning_v1,305,meta-llama/llama-4-maverick,openrouter,en,T1,reader_side,6,True,0.900804749
icicic2026_benchmark_positioning_v1_stable6_main,main,icicic2026_benchmark_positioning_v1,306,meta-llama/llama-4-maverick,openrouter,en,T1,reader_side,7,True,0.900804749
icicic2026_benchmark_positioning_v1_stable6_main,main,icicic2026_benchmark_positioning_v1,307,meta-llama/llama-4-maverick,openrouter,en,T1,reader_side,8,True,0.900804749
icicic2026_benchmark_positioning_v1_stable6_main,main,icicic2026_benchmark_positioning_v1,308,meta-llama/llama-4-maverick,openrouter,en,T1,reader_side,9,True,0.900804749
icicic2026_benchmark_positioning_v1_stable6_main,main,icicic2026_benchmark_positioning_v1,309,meta-llama/llama-4-maverick,openrouter,en,T1,reader_side,10,True,0.900804749
icicic2026_benchmark_positioning_v1_stable6_main,main,icicic2026_benchmark_positioning_v1,310,meta-llama/llama-4-maverick,openrouter,en,T1,character_side,1,True,0.902447826
icicic2026_benchmark_positioning_v1_stable6_main,main,icicic2026_benchmark_positioning_v1,311,meta-llama/llama-4-maverick,openrouter,en,T1,character_side,2,True,0.900804749
icicic2026_benchmark_positioning_v1_stable6_main,main,icicic2026_benchmark_positioning_v1,312,meta-llama/llama-4-maverick,openrouter,en,T1,character_side,3,True,0.900804749
icicic2026_benchmark_positioning_v1_stable6_main,main,icicic2026_benchmark_positioning_v1,313,meta-llama/llama-4-maverick,openrouter,en,T1,character_side,4,True,0.900804749
icicic2026_benchmark_positioning_v1_stable6_main,main,icicic2026_benchmark_positioning_v1,314,meta-llama/llama-4-maverick,openrouter,en,T1,character_side,5,True,0.900804749
icicic2026_benchmark_positioning_v1_stable6_main,main,icicic2026_benchmark_positioning_v1,315,meta-llama/llama-4-maverick,openrouter,en,T1,character_side,6,True,0.882347343
icicic2026_benchmark_positioning_v1_stable6_main,main,icicic2026_benchmark_positioning_v1,316,meta-llama/llama-4-maverick,openrouter,en,T1,character_side,7,True,0.902447826
icicic2026_benchmark_positioning_v1_stable6_main,main,icicic2026_benchmark_positioning_v1,317,meta-llama/llama-4-maverick,openrouter,en,T1,character_side,8,True,0.900804749
icicic2026_benchmark_positioning_v1_stable6_main,main,icicic2026_benchmark_positioning_v1,318,meta-llama/llama-4-maverick,openrouter,en,T1,character_side,9,True,0.900804749
icicic2026_benchmark_positioning_v1_stable6_main,main,icicic2026_benchmark_positioning_v1,319,meta-llama/llama-4-maverick,openrouter,en,T1,character_side,10,True,0.900804749
icicic2026_benchmark_positioning_v1_stable6_main,main,icicic2026_benchmark_positioning_v1,320,meta-llama/llama-4-maverick,openrouter,en,T2,reader_side,1,True,0.68898152
icicic2026_benchmark_positioning_v1_stable6_main,main,icicic2026_benchmark_positioning_v1,321,meta-llama/llama-4-maverick,openrouter,en,T2,reader_side,2,True,0.68898152
icicic2026_benchmark_positioning_v1_stable6_main,main,icicic2026_benchmark_positioning_v1,322,meta-llama/llama-4-maverick,openrouter,en,T2,reader_side,3,True,0.68898152
icicic2026_benchmark_positioning_v1_stable6_main,main,icicic2026_benchmark_positioning_v1,323,meta-llama/llama-4-maverick,openrouter,en,T2,reader_side,4,True,0.68898152
icicic2026_benchmark_positioning_v1_stable6_main,main,icicic2026_benchmark_positioning_v1,324,meta-llama/llama-4-maverick,openrouter,en,T2,reader_side,5,True,0.68898152
icicic2026_benchmark_positioning_v1_stable6_main,main,icicic2026_benchmark_positioning_v1,325,meta-llama/llama-4-maverick,openrouter,en,T2,reader_side,6,True,0.68898152
icicic2026_benchmark_positioning_v1_stable6_main,main,icicic2026_benchmark_positioning_v1,326,meta-llama/llama-4-maverick,openrouter,en,T2,reader_side,7,True,0.68898152
icicic2026_benchmark_positioning_v1_stable6_main,main,icicic2026_benchmark_positioning_v1,327,meta-llama/llama-4-maverick,openrouter,en,T2,reader_side,8,True,0.68898152
icicic2026_benchmark_positioning_v1_stable6_main,main,icicic2026_benchmark_positioning_v1,328,meta-llama/llama-4-maverick,openrouter,en,T2,reader_side,9,True,0.785582694
icicic2026_benchmark_positioning_v1_stable6_main,main,icicic2026_benchmark_positioning_v1,329,meta-llama/llama-4-maverick,openrouter,en,T2,reader_side,10,True,0.785582694
icicic2026_benchmark_positioning_v1_stable6_main,main,icicic2026_benchmark_positioning_v1,330,meta-llama/llama-4-maverick,openrouter,en,T2,character_side,1,True,0.68898152
icicic2026_benchmark_positioning_v1_stable6_main,main,icicic2026_benchmark_positioning_v1,331,meta-llama/llama-4-maverick,openrouter,en,T2,character_side,2,True,0.875
icicic2026_benchmark_positioning_v1_stable6_main,main,icicic2026_benchmark_positioning_v1,332,meta-llama/llama-4-maverick,openrouter,en,T2,character_side,3,True,0.875
icicic2026_benchmark_positioning_v1_stable6_main,main,icicic2026_benchmark_positioning_v1,333,meta-llama/llama-4-maverick,openrouter,en,T2,character_side,4,True,0.916211685
icicic2026_benchmark_positioning_v1_stable6_main,main,icicic2026_benchmark_positioning_v1,334,meta-llama/llama-4-maverick,openrouter,en,T2,character_side,5,True,0.875
icicic2026_benchmark_positioning_v1_stable6_main,main,icicic2026_benchmark_positioning_v1,335,meta-llama/llama-4-maverick,openrouter,en,T2,character_side,6,True,0.875
icicic2026_benchmark_positioning_v1_stable6_main,main,icicic2026_benchmark_positioning_v1,336,meta-llama/llama-4-maverick,openrouter,en,T2,character_side,7,True,0.797730922
icicic2026_benchmark_positioning_v1_stable6_main,main,icicic2026_benchmark_positioning_v1,337,meta-llama/llama-4-maverick,openrouter,en,T2,character_side,8,True,0.870559594
icicic2026_benchmark_positioning_v1_stable6_main,main,icicic2026_benchmark_positioning_v1,338,meta-llama/llama-4-maverick,openrouter,en,T2,character_side,9,True,0.921146095
icicic2026_benchmark_positioning_v1_stable6_main,main,icicic2026_benchmark_positioning_v1,339,meta-llama/llama-4-maverick,openrouter,en,T2,character_side,10,True,0.797730922
icicic2026_benchmark_positioning_v1_stable6_main,main,icicic2026_benchmark_positioning_v1,340,meta-llama/llama-4-maverick,openrouter,en,T3,reader_side,1,True,0.978702906
icicic2026_benchmark_positioning_v1_stable6_main,main,icicic2026_benchmark_positioning_v1,341,meta-llama/llama-4-maverick,openrouter,en,T3,reader_side,2,True,0.991935557
icicic2026_benchmark_positioning_v1_stable6_main,main,icicic2026_benchmark_positioning_v1,342,meta-llama/llama-4-maverick,openrouter,en,T3,reader_side,3,True,0.978702906
icicic2026_benchmark_positioning_v1_stable6_main,main,icicic2026_benchmark_positioning_v1,343,meta-llama/llama-4-maverick,openrouter,en,T3,reader_side,4,True,0.991935557
icicic2026_benchmark_positioning_v1_stable6_main,main,icicic2026_benchmark_positioning_v1,344,meta-llama/llama-4-maverick,openrouter,en,T3,reader_side,5,True,0.991935557
icicic2026_benchmark_positioning_v1_stable6_main,main,icicic2026_benchmark_positioning_v1,345,meta-llama/llama-4-maverick,openrouter,en,T3,reader_side,6,True,0.991935557
icicic2026_benchmark_positioning_v1_stable6_main,main,icicic2026_benchmark_positioning_v1,346,meta-llama/llama-4-maverick,openrouter,en,T3,reader_side,7,True,0.991935557
icicic2026_benchmark_positioning_v1_stable6_main,main,icicic2026_benchmark_positioning_v1,347,meta-llama/llama-4-maverick,openrouter,en,T3,reader_side,8,True,0.991935557
icicic2026_benchmark_positioning_v1_stable6_main,main,icicic2026_benchmark_positioning_v1,348,meta-llama/llama-4-maverick,openrouter,en,T3,reader_side,9,True,0.991935557
icicic2026_benchmark_positioning_v1_stable6_main,main,icicic2026_benchmark_positioning_v1,349,meta-llama/llama-4-maverick,openrouter,en,T3,reader_side,10,True,0.991935557
icicic2026_benchmark_positioning_v1_stable6_main,main,icicic2026_benchmark_positioning_v1,350,meta-llama/llama-4-maverick,openrouter,en,T3,character_side,1,True,0.978702906
icicic2026_benchmark_positioning_v1_stable6_main,main,icicic2026_benchmark_positioning_v1,351,meta-llama/llama-4-maverick,openrouter,en,T3,character_side,2,True,0.991935557
icicic2026_benchmark_positioning_v1_stable6_main,main,icicic2026_benchmark_positioning_v1,352,meta-llama/llama-4-maverick,openrouter,en,T3,character_side,3,True,0.991935557
icicic2026_benchmark_positioning_v1_stable6_main,main,icicic2026_benchmark_positioning_v1,353,meta-llama/llama-4-maverick,openrouter,en,T3,character_side,4,True,0.991935557
icicic2026_benchmark_positioning_v1_stable6_main,main,icicic2026_benchmark_positioning_v1,354,meta-llama/llama-4-maverick,openrouter,en,T3,character_side,5,True,0.991935557
icicic2026_benchmark_positioning_v1_stable6_main,main,icicic2026_benchmark_positioning_v1,355,meta-llama/llama-4-maverick,openrouter,en,T3,character_side,6,True,0.991935557
icicic2026_benchmark_positioning_v1_stable6_main,main,icicic2026_benchmark_positioning_v1,356,meta-llama/llama-4-maverick,openrouter,en,T3,character_side,7,True,0.991935557
icicic2026_benchmark_positioning_v1_stable6_main,main,icicic2026_benchmark_positioning_v1,357,meta-llama/llama-4-maverick,openrouter,en,T3,character_side,8,True,0.991935557
icicic2026_benchmark_positioning_v1_stable6_main,main,icicic2026_benchmark_positioning_v1,358,meta-llama/llama-4-maverick,openrouter,en,T3,character_side,9,True,0.991935557
icicic2026_benchmark_positioning_v1_stable6_main,main,icicic2026_benchmark_positioning_v1,359,meta-llama/llama-4-maverick,openrouter,en,T3,character_side,10,True,0.991935557
